deck_id,deck_name,card_id,card_name,count
D001,Dragapult ex,5,Basic {P} Energy,5
D001,Dragapult ex,6,Basic {F} Energy,3
D001,Dragapult ex,112,Munkidori,2
D001,Dragapult ex,119,Dreepy,3
D001,Dragapult ex,120,Drakloak,1
D001,Dragapult ex,121,Dragapult ex,3
D001,Dragapult ex,131,Duskull,2
D001,Dragapult ex,133,Dusknoir,2
D001,Dragapult ex,1079,Rare Candy,4
D001,Dragapult ex,1086,Buddy-Buddy Poffin,4
D001,Dragapult ex,1088,Prime Catcher,1
D001,Dragapult ex,1097,Night Stretcher,2
D001,Dragapult ex,1102,Dusk Ball,2
D001,Dragapult ex,1121,Ultra Ball,4
D001,Dragapult ex,1122,Pokégear 3.0,4
D001,Dragapult ex,1123,Switch,2
D001,Dragapult ex,1181,Billy & O'Nare,4
D001,Dragapult ex,1182,Boss’s Orders,2
D001,Dragapult ex,1213,Judge,4
D001,Dragapult ex,1224,Cheren,4
D001,Dragapult ex,1225,Hilda,2
D002,Dragapult ex [Dusknoir],5,Basic {P} Energy,5
D002,Dragapult ex [Dusknoir],6,Basic {F} Energy,3
D002,Dragapult ex [Dusknoir],112,Munkidori,2
D002,Dragapult ex [Dusknoir],119,Dreepy,3
D002,Dragapult ex [Dusknoir],120,Drakloak,1
D002,Dragapult ex [Dusknoir],121,Dragapult ex,3
D002,Dragapult ex [Dusknoir],131,Duskull,3
D002,Dragapult ex [Dusknoir],133,Dusknoir,3
D002,Dragapult ex [Dusknoir],1079,Rare Candy,4
D002,Dragapult ex [Dusknoir],1086,Buddy-Buddy Poffin,4
D002,Dragapult ex [Dusknoir],1088,Prime Catcher,1
D002,Dragapult ex [Dusknoir],1097,Night Stretcher,2
D002,Dragapult ex [Dusknoir],1102,Dusk Ball,2
D002,Dragapult ex [Dusknoir],1121,Ultra Ball,4
D002,Dragapult ex [Dusknoir],1122,Pokégear 3.0,4
D002,Dragapult ex [Dusknoir],1123,Switch,2
D002,Dragapult ex [Dusknoir],1181,Billy & O'Nare,4
D002,Dragapult ex [Dusknoir],1182,Boss’s Orders,2
D002,Dragapult ex [Dusknoir],1213,Judge,2
D002,Dragapult ex [Dusknoir],1224,Cheren,4
D002,Dragapult ex [Dusknoir],1225,Hilda,2
D003,Dragapult ex [Budew],5,Basic {P} Energy,5
D003,Dragapult ex [Budew],6,Basic {F} Energy,3
D003,Dragapult ex [Budew],112,Munkidori,2
D003,Dragapult ex [Budew],119,Dreepy,2
D003,Dragapult ex [Budew],120,Drakloak,1
D003,Dragapult ex [Budew],121,Dragapult ex,3
D003,Dragapult ex [Budew],131,Duskull,2
D003,Dragapult ex [Budew],133,Dusknoir,2
D003,Dragapult ex [Budew],235,Budew,2
D003,Dragapult ex [Budew],1079,Rare Candy,4
D003,Dragapult ex [Budew],1086,Buddy-Buddy Poffin,4
D003,Dragapult ex [Budew],1088,Prime Catcher,1
D003,Dragapult ex [Budew],1097,Night Stretcher,2
D003,Dragapult ex [Budew],1102,Dusk Ball,2
D003,Dragapult ex [Budew],1121,Ultra Ball,4
D003,Dragapult ex [Budew],1122,Pokégear 3.0,4
D003,Dragapult ex [Budew],1123,Switch,2
D003,Dragapult ex [Budew],1181,Billy & O'Nare,4
D003,Dragapult ex [Budew],1182,Boss’s Orders,2
D003,Dragapult ex [Budew],1213,Judge,3
D003,Dragapult ex [Budew],1224,Cheren,4
D003,Dragapult ex [Budew],1225,Hilda,2
D004,Dragapult ex [lean],5,Basic {P} Energy,5
D004,Dragapult ex [lean],6,Basic {F} Energy,3
D004,Dragapult ex [lean],112,Munkidori,2
D004,Dragapult ex [lean],119,Dreepy,3
D004,Dragapult ex [lean],120,Drakloak,1
D004,Dragapult ex [lean],121,Dragapult ex,3
D004,Dragapult ex [lean],131,Duskull,2
D004,Dragapult ex [lean],133,Dusknoir,2
D004,Dragapult ex [lean],1079,Rare Candy,4
D004,Dragapult ex [lean],1086,Buddy-Buddy Poffin,4
D004,Dragapult ex [lean],1088,Prime Catcher,1
D004,Dragapult ex [lean],1097,Night Stretcher,2
D004,Dragapult ex [lean],1102,Dusk Ball,2
D004,Dragapult ex [lean],1121,Ultra Ball,4
D004,Dragapult ex [lean],1122,Pokégear 3.0,4
D004,Dragapult ex [lean],1123,Switch,2
D004,Dragapult ex [lean],1181,Billy & O'Nare,4
D004,Dragapult ex [lean],1182,Boss’s Orders,2
D004,Dragapult ex [lean],1213,Judge,4
D004,Dragapult ex [lean],1224,Cheren,4
D004,Dragapult ex [lean],1225,Hilda,2
D005,Alakazam single-prize,5,Basic {P} Energy,6
D005,Alakazam single-prize,65,Dunsparce,3
D005,Alakazam single-prize,66,Dudunsparce,3
D005,Alakazam single-prize,140,Fezandipiti ex,1
D005,Alakazam single-prize,245,Alakazam,3
D005,Alakazam single-prize,741,Abra,4
D005,Alakazam single-prize,742,Kadabra,2
D005,Alakazam single-prize,1079,Rare Candy,4
D005,Alakazam single-prize,1086,Buddy-Buddy Poffin,4
D005,Alakazam single-prize,1088,Prime Catcher,1
D005,Alakazam single-prize,1097,Night Stretcher,2
D005,Alakazam single-prize,1102,Dusk Ball,2
D005,Alakazam single-prize,1121,Ultra Ball,4
D005,Alakazam single-prize,1122,Pokégear 3.0,4
D005,Alakazam single-prize,1123,Switch,2
D005,Alakazam single-prize,1181,Billy & O'Nare,4
D005,Alakazam single-prize,1182,Boss’s Orders,2
D005,Alakazam single-prize,1213,Judge,3
D005,Alakazam single-prize,1224,Cheren,4
D005,Alakazam single-prize,1225,Hilda,2
D006,Alakazam single-prize [Fez],5,Basic {P} Energy,6
D006,Alakazam single-prize [Fez],65,Dunsparce,3
D006,Alakazam single-prize [Fez],66,Dudunsparce,3
D006,Alakazam single-prize [Fez],140,Fezandipiti ex,2
D006,Alakazam single-prize [Fez],245,Alakazam,3
D006,Alakazam single-prize [Fez],741,Abra,4
D006,Alakazam single-prize [Fez],742,Kadabra,2
D006,Alakazam single-prize [Fez],1079,Rare Candy,4
D006,Alakazam single-prize [Fez],1086,Buddy-Buddy Poffin,4
D006,Alakazam single-prize [Fez],1088,Prime Catcher,1
D006,Alakazam single-prize [Fez],1097,Night Stretcher,2
D006,Alakazam single-prize [Fez],1102,Dusk Ball,2
D006,Alakazam single-prize [Fez],1121,Ultra Ball,4
D006,Alakazam single-prize [Fez],1122,Pokégear 3.0,4
D006,Alakazam single-prize [Fez],1123,Switch,2
D006,Alakazam single-prize [Fez],1181,Billy & O'Nare,4
D006,Alakazam single-prize [Fez],1182,Boss’s Orders,2
D006,Alakazam single-prize [Fez],1213,Judge,2
D006,Alakazam single-prize [Fez],1224,Cheren,4
D006,Alakazam single-prize [Fez],1225,Hilda,2
D007,Alakazam single-prize [thickAbra],5,Basic {P} Energy,6
D007,Alakazam single-prize [thickAbra],65,Dunsparce,3
D007,Alakazam single-prize [thickAbra],66,Dudunsparce,3
D007,Alakazam single-prize [thickAbra],109,Abra,2
D007,Alakazam single-prize [thickAbra],140,Fezandipiti ex,1
D007,Alakazam single-prize [thickAbra],245,Alakazam,3
D007,Alakazam single-prize [thickAbra],741,Abra,3
D007,Alakazam single-prize [thickAbra],742,Kadabra,2
D007,Alakazam single-prize [thickAbra],1079,Rare Candy,4
D007,Alakazam single-prize [thickAbra],1086,Buddy-Buddy Poffin,4
D007,Alakazam single-prize [thickAbra],1088,Prime Catcher,1
D007,Alakazam single-prize [thickAbra],1097,Night Stretcher,2
D007,Alakazam single-prize [thickAbra],1102,Dusk Ball,2
D007,Alakazam single-prize [thickAbra],1121,Ultra Ball,4
D007,Alakazam single-prize [thickAbra],1122,Pokégear 3.0,4
D007,Alakazam single-prize [thickAbra],1123,Switch,2
D007,Alakazam single-prize [thickAbra],1181,Billy & O'Nare,4
D007,Alakazam single-prize [thickAbra],1182,Boss’s Orders,2
D007,Alakazam single-prize [thickAbra],1213,Judge,2
D007,Alakazam single-prize [thickAbra],1224,Cheren,4
D007,Alakazam single-prize [thickAbra],1225,Hilda,2
D008,Alakazam single-prize [draw],5,Basic {P} Energy,6
D008,Alakazam single-prize [draw],65,Dunsparce,3
D008,Alakazam single-prize [draw],66,Dudunsparce,3
D008,Alakazam single-prize [draw],140,Fezandipiti ex,1
D008,Alakazam single-prize [draw],245,Alakazam,3
D008,Alakazam single-prize [draw],741,Abra,4
D008,Alakazam single-prize [draw],742,Kadabra,2
D008,Alakazam single-prize [draw],1079,Rare Candy,4
D008,Alakazam single-prize [draw],1086,Buddy-Buddy Poffin,4
D008,Alakazam single-prize [draw],1088,Prime Catcher,1
D008,Alakazam single-prize [draw],1097,Night Stretcher,2
D008,Alakazam single-prize [draw],1102,Dusk Ball,2
D008,Alakazam single-prize [draw],1121,Ultra Ball,4
D008,Alakazam single-prize [draw],1122,Pokégear 3.0,4
D008,Alakazam single-prize [draw],1123,Switch,2
D008,Alakazam single-prize [draw],1181,Billy & O'Nare,4
D008,Alakazam single-prize [draw],1182,Boss’s Orders,2
D008,Alakazam single-prize [draw],1213,Judge,3
D008,Alakazam single-prize [draw],1224,Cheren,4
D008,Alakazam single-prize [draw],1225,Hilda,2
D009,Mega Lopunny ex,5,Basic {P} Energy,4
D009,Mega Lopunny ex,6,Basic {F} Energy,4
D009,Mega Lopunny ex,131,Duskull,1
D009,Mega Lopunny ex,133,Dusknoir,1
D009,Mega Lopunny ex,741,Abra,2
D009,Mega Lopunny ex,742,Kadabra,1
D009,Mega Lopunny ex,758,Buneary,3
D009,Mega Lopunny ex,849,Mega Lopunny ex,3
D009,Mega Lopunny ex,1068,Klefki,1
D009,Mega Lopunny ex,1086,Buddy-Buddy Poffin,4
D009,Mega Lopunny ex,1088,Prime Catcher,1
D009,Mega Lopunny ex,1097,Night Stretcher,4
D009,Mega Lopunny ex,1102,Dusk Ball,4
D009,Mega Lopunny ex,1121,Ultra Ball,4
D009,Mega Lopunny ex,1122,Pokégear 3.0,4
D009,Mega Lopunny ex,1123,Switch,2
D009,Mega Lopunny ex,1156,Lucky Helmet,1
D009,Mega Lopunny ex,1181,Billy & O'Nare,4
D009,Mega Lopunny ex,1182,Boss’s Orders,2
D009,Mega Lopunny ex,1184,Lana’s Aid,2
D009,Mega Lopunny ex,1213,Judge,4
D009,Mega Lopunny ex,1224,Cheren,4
D010,Mega Lopunny ex [Klefki],5,Basic {P} Energy,4
D010,Mega Lopunny ex [Klefki],6,Basic {F} Energy,4
D010,Mega Lopunny ex [Klefki],131,Duskull,1
D010,Mega Lopunny ex [Klefki],133,Dusknoir,1
D010,Mega Lopunny ex [Klefki],741,Abra,2
D010,Mega Lopunny ex [Klefki],742,Kadabra,1
D010,Mega Lopunny ex [Klefki],758,Buneary,3
D010,Mega Lopunny ex [Klefki],849,Mega Lopunny ex,3
D010,Mega Lopunny ex [Klefki],1068,Klefki,2
D010,Mega Lopunny ex [Klefki],1086,Buddy-Buddy Poffin,4
D010,Mega Lopunny ex [Klefki],1088,Prime Catcher,1
D010,Mega Lopunny ex [Klefki],1097,Night Stretcher,4
D010,Mega Lopunny ex [Klefki],1102,Dusk Ball,4
D010,Mega Lopunny ex [Klefki],1121,Ultra Ball,4
D010,Mega Lopunny ex [Klefki],1122,Pokégear 3.0,4
D010,Mega Lopunny ex [Klefki],1123,Switch,2
D010,Mega Lopunny ex [Klefki],1181,Billy & O'Nare,4
D010,Mega Lopunny ex [Klefki],1182,Boss’s Orders,2
D010,Mega Lopunny ex [Klefki],1184,Lana’s Aid,2
D010,Mega Lopunny ex [Klefki],1213,Judge,4
D010,Mega Lopunny ex [Klefki],1224,Cheren,4
D011,Mega Lopunny ex [noKlefki],5,Basic {P} Energy,4
D011,Mega Lopunny ex [noKlefki],6,Basic {F} Energy,4
D011,Mega Lopunny ex [noKlefki],131,Duskull,1
D011,Mega Lopunny ex [noKlefki],133,Dusknoir,1
D011,Mega Lopunny ex [noKlefki],741,Abra,2
D011,Mega Lopunny ex [noKlefki],742,Kadabra,1
D011,Mega Lopunny ex [noKlefki],758,Buneary,4
D011,Mega Lopunny ex [noKlefki],849,Mega Lopunny ex,3
D011,Mega Lopunny ex [noKlefki],1086,Buddy-Buddy Poffin,4
D011,Mega Lopunny ex [noKlefki],1088,Prime Catcher,1
D011,Mega Lopunny ex [noKlefki],1097,Night Stretcher,4
D011,Mega Lopunny ex [noKlefki],1102,Dusk Ball,4
D011,Mega Lopunny ex [noKlefki],1121,Ultra Ball,4
D011,Mega Lopunny ex [noKlefki],1122,Pokégear 3.0,4
D011,Mega Lopunny ex [noKlefki],1123,Switch,2
D011,Mega Lopunny ex [noKlefki],1156,Lucky Helmet,1
D011,Mega Lopunny ex [noKlefki],1181,Billy & O'Nare,4
D011,Mega Lopunny ex [noKlefki],1182,Boss’s Orders,2
D011,Mega Lopunny ex [noKlefki],1184,Lana’s Aid,2
D011,Mega Lopunny ex [noKlefki],1213,Judge,4
D011,Mega Lopunny ex [noKlefki],1224,Cheren,4
D012,Mega Lopunny ex [fight],5,Basic {P} Energy,4
D012,Mega Lopunny ex [fight],6,Basic {F} Energy,6
D012,Mega Lopunny ex [fight],131,Duskull,1
D012,Mega Lopunny ex [fight],133,Dusknoir,1
D012,Mega Lopunny ex [fight],741,Abra,2
D012,Mega Lopunny ex [fight],742,Kadabra,1
D012,Mega Lopunny ex [fight],758,Buneary,3
D012,Mega Lopunny ex [fight],849,Mega Lopunny ex,3
D012,Mega Lopunny ex [fight],1068,Klefki,1
D012,Mega Lopunny ex [fight],1086,Buddy-Buddy Poffin,4
D012,Mega Lopunny ex [fight],1088,Prime Catcher,1
D012,Mega Lopunny ex [fight],1097,Night Stretcher,4
D012,Mega Lopunny ex [fight],1102,Dusk Ball,4
D012,Mega Lopunny ex [fight],1121,Ultra Ball,4
D012,Mega Lopunny ex [fight],1122,Pokégear 3.0,4
D012,Mega Lopunny ex [fight],1123,Switch,2
D012,Mega Lopunny ex [fight],1181,Billy & O'Nare,4
D012,Mega Lopunny ex [fight],1182,Boss’s Orders,2
D012,Mega Lopunny ex [fight],1184,Lana’s Aid,1
D012,Mega Lopunny ex [fight],1213,Judge,4
D012,Mega Lopunny ex [fight],1224,Cheren,4
D013,Mega Absol ex,7,Basic {D} Energy,8
D013,Mega Absol ex,139,Munkidori ex,2
D013,Mega Absol ex,478,Squawkabilly,1
D013,Mega Absol ex,687,Mega Absol ex,3
D013,Mega Absol ex,776,Absol,2
D013,Mega Absol ex,1086,Buddy-Buddy Poffin,4
D013,Mega Absol ex,1088,Prime Catcher,1
D013,Mega Absol ex,1097,Night Stretcher,4
D013,Mega Absol ex,1102,Dusk Ball,4
D013,Mega Absol ex,1112,Super Potion,1
D013,Mega Absol ex,1121,Ultra Ball,4
D013,Mega Absol ex,1122,Pokégear 3.0,4
D013,Mega Absol ex,1123,Switch,2
D013,Mega Absol ex,1156,Lucky Helmet,2
D013,Mega Absol ex,1174,Air Balloon,2
D013,Mega Absol ex,1181,Billy & O'Nare,4
D013,Mega Absol ex,1182,Boss’s Orders,2
D013,Mega Absol ex,1184,Lana’s Aid,2
D013,Mega Absol ex,1213,Judge,4
D013,Mega Absol ex,1224,Cheren,4
D014,Mega Absol ex [Munki],7,Basic {D} Energy,8
D014,Mega Absol ex [Munki],139,Munkidori ex,3
D014,Mega Absol ex [Munki],478,Squawkabilly,1
D014,Mega Absol ex [Munki],687,Mega Absol ex,3
D014,Mega Absol ex [Munki],776,Absol,2
D014,Mega Absol ex [Munki],1086,Buddy-Buddy Poffin,4
D014,Mega Absol ex [Munki],1088,Prime Catcher,1
D014,Mega Absol ex [Munki],1097,Night Stretcher,4
D014,Mega Absol ex [Munki],1102,Dusk Ball,4
D014,Mega Absol ex [Munki],1121,Ultra Ball,4
D014,Mega Absol ex [Munki],1122,Pokégear 3.0,4
D014,Mega Absol ex [Munki],1123,Switch,2
D014,Mega Absol ex [Munki],1156,Lucky Helmet,2
D014,Mega Absol ex [Munki],1174,Air Balloon,2
D014,Mega Absol ex [Munki],1181,Billy & O'Nare,4
D014,Mega Absol ex [Munki],1182,Boss’s Orders,2
D014,Mega Absol ex [Munki],1184,Lana’s Aid,2
D014,Mega Absol ex [Munki],1213,Judge,4
D014,Mega Absol ex [Munki],1224,Cheren,4
D015,Mega Absol ex [Absolnonex],7,Basic {D} Energy,8
D015,Mega Absol ex [Absolnonex],139,Munkidori ex,2
D015,Mega Absol ex [Absolnonex],478,Squawkabilly,1
D015,Mega Absol ex [Absolnonex],687,Mega Absol ex,3
D015,Mega Absol ex [Absolnonex],776,Absol,3
D015,Mega Absol ex [Absolnonex],1086,Buddy-Buddy Poffin,4
D015,Mega Absol ex [Absolnonex],1088,Prime Catcher,1
D015,Mega Absol ex [Absolnonex],1097,Night Stretcher,4
D015,Mega Absol ex [Absolnonex],1102,Dusk Ball,4
D015,Mega Absol ex [Absolnonex],1121,Ultra Ball,4
D015,Mega Absol ex [Absolnonex],1122,Pokégear 3.0,4
D015,Mega Absol ex [Absolnonex],1123,Switch,2
D015,Mega Absol ex [Absolnonex],1156,Lucky Helmet,2
D015,Mega Absol ex [Absolnonex],1174,Air Balloon,2
D015,Mega Absol ex [Absolnonex],1181,Billy & O'Nare,4
D015,Mega Absol ex [Absolnonex],1182,Boss’s Orders,2
D015,Mega Absol ex [Absolnonex],1184,Lana’s Aid,2
D015,Mega Absol ex [Absolnonex],1213,Judge,4
D015,Mega Absol ex [Absolnonex],1224,Cheren,4
D016,Mega Absol ex [lean],7,Basic {D} Energy,8
D016,Mega Absol ex [lean],139,Munkidori ex,2
D016,Mega Absol ex [lean],478,Squawkabilly,1
D016,Mega Absol ex [lean],687,Mega Absol ex,3
D016,Mega Absol ex [lean],776,Absol,2
D016,Mega Absol ex [lean],1086,Buddy-Buddy Poffin,4
D016,Mega Absol ex [lean],1088,Prime Catcher,1
D016,Mega Absol ex [lean],1097,Night Stretcher,4
D016,Mega Absol ex [lean],1102,Dusk Ball,4
D016,Mega Absol ex [lean],1112,Super Potion,1
D016,Mega Absol ex [lean],1121,Ultra Ball,4
D016,Mega Absol ex [lean],1122,Pokégear 3.0,4
D016,Mega Absol ex [lean],1123,Switch,2
D016,Mega Absol ex [lean],1156,Lucky Helmet,2
D016,Mega Absol ex [lean],1174,Air Balloon,2
D016,Mega Absol ex [lean],1181,Billy & O'Nare,4
D016,Mega Absol ex [lean],1182,Boss’s Orders,2
D016,Mega Absol ex [lean],1184,Lana’s Aid,2
D016,Mega Absol ex [lean],1213,Judge,4
D016,Mega Absol ex [lean],1224,Cheren,4
D017,Marnie's Grimmsnarl ex,7,Basic {D} Energy,8
D017,Marnie's Grimmsnarl ex,103,Snorunt,2
D017,Marnie's Grimmsnarl ex,104,Froslass,2
D017,Marnie's Grimmsnarl ex,112,Munkidori,2
D017,Marnie's Grimmsnarl ex,646,Marnie's Impidimp,3
D017,Marnie's Grimmsnarl ex,647,Marnie's Morgrem,2
D017,Marnie's Grimmsnarl ex,648,Marnie's Grimmsnarl ex,3
D017,Marnie's Grimmsnarl ex,649,Marnie's Morpeko,1
D017,Marnie's Grimmsnarl ex,1086,Buddy-Buddy Poffin,4
D017,Marnie's Grimmsnarl ex,1088,Prime Catcher,1
D017,Marnie's Grimmsnarl ex,1097,Night Stretcher,4
D017,Marnie's Grimmsnarl ex,1102,Dusk Ball,4
D017,Marnie's Grimmsnarl ex,1121,Ultra Ball,4
D017,Marnie's Grimmsnarl ex,1122,Pokégear 3.0,4
D017,Marnie's Grimmsnarl ex,1123,Switch,2
D017,Marnie's Grimmsnarl ex,1181,Billy & O'Nare,4
D017,Marnie's Grimmsnarl ex,1182,Boss’s Orders,2
D017,Marnie's Grimmsnarl ex,1213,Judge,4
D017,Marnie's Grimmsnarl ex,1224,Cheren,4
D018,Marnie's Grimmsnarl ex [Froslass2],7,Basic {D} Energy,8
D018,Marnie's Grimmsnarl ex [Froslass2],103,Snorunt,3
D018,Marnie's Grimmsnarl ex [Froslass2],104,Froslass,3
D018,Marnie's Grimmsnarl ex [Froslass2],112,Munkidori,2
D018,Marnie's Grimmsnarl ex [Froslass2],646,Marnie's Impidimp,3
D018,Marnie's Grimmsnarl ex [Froslass2],647,Marnie's Morgrem,2
D018,Marnie's Grimmsnarl ex [Froslass2],648,Marnie's Grimmsnarl ex,3
D018,Marnie's Grimmsnarl ex [Froslass2],649,Marnie's Morpeko,1
D018,Marnie's Grimmsnarl ex [Froslass2],1086,Buddy-Buddy Poffin,4
D018,Marnie's Grimmsnarl ex [Froslass2],1088,Prime Catcher,1
D018,Marnie's Grimmsnarl ex [Froslass2],1097,Night Stretcher,2
D018,Marnie's Grimmsnarl ex [Froslass2],1102,Dusk Ball,4
D018,Marnie's Grimmsnarl ex [Froslass2],1121,Ultra Ball,4
D018,Marnie's Grimmsnarl ex [Froslass2],1122,Pokégear 3.0,4
D018,Marnie's Grimmsnarl ex [Froslass2],1123,Switch,2
D018,Marnie's Grimmsnarl ex [Froslass2],1181,Billy & O'Nare,4
D018,Marnie's Grimmsnarl ex [Froslass2],1182,Boss’s Orders,2
D018,Marnie's Grimmsnarl ex [Froslass2],1213,Judge,4
D018,Marnie's Grimmsnarl ex [Froslass2],1224,Cheren,4
D019,Marnie's Grimmsnarl ex [Morpeko],7,Basic {D} Energy,8
D019,Marnie's Grimmsnarl ex [Morpeko],103,Snorunt,2
D019,Marnie's Grimmsnarl ex [Morpeko],104,Froslass,2
D019,Marnie's Grimmsnarl ex [Morpeko],112,Munkidori,2
D019,Marnie's Grimmsnarl ex [Morpeko],646,Marnie's Impidimp,3
D019,Marnie's Grimmsnarl ex [Morpeko],647,Marnie's Morgrem,2
D019,Marnie's Grimmsnarl ex [Morpeko],648,Marnie's Grimmsnarl ex,3
D019,Marnie's Grimmsnarl ex [Morpeko],649,Marnie's Morpeko,2
D019,Marnie's Grimmsnarl ex [Morpeko],1086,Buddy-Buddy Poffin,4
D019,Marnie's Grimmsnarl ex [Morpeko],1088,Prime Catcher,1
D019,Marnie's Grimmsnarl ex [Morpeko],1097,Night Stretcher,3
D019,Marnie's Grimmsnarl ex [Morpeko],1102,Dusk Ball,4
D019,Marnie's Grimmsnarl ex [Morpeko],1121,Ultra Ball,4
D019,Marnie's Grimmsnarl ex [Morpeko],1122,Pokégear 3.0,4
D019,Marnie's Grimmsnarl ex [Morpeko],1123,Switch,2
D019,Marnie's Grimmsnarl ex [Morpeko],1181,Billy & O'Nare,4
D019,Marnie's Grimmsnarl ex [Morpeko],1182,Boss’s Orders,2
D019,Marnie's Grimmsnarl ex [Morpeko],1213,Judge,4
D019,Marnie's Grimmsnarl ex [Morpeko],1224,Cheren,4
D020,Marnie's Grimmsnarl ex [draw],7,Basic {D} Energy,8
D020,Marnie's Grimmsnarl ex [draw],103,Snorunt,2
D020,Marnie's Grimmsnarl ex [draw],104,Froslass,2
D020,Marnie's Grimmsnarl ex [draw],112,Munkidori,2
D020,Marnie's Grimmsnarl ex [draw],646,Marnie's Impidimp,3
D020,Marnie's Grimmsnarl ex [draw],647,Marnie's Morgrem,2
D020,Marnie's Grimmsnarl ex [draw],648,Marnie's Grimmsnarl ex,3
D020,Marnie's Grimmsnarl ex [draw],649,Marnie's Morpeko,1
D020,Marnie's Grimmsnarl ex [draw],1086,Buddy-Buddy Poffin,4
D020,Marnie's Grimmsnarl ex [draw],1088,Prime Catcher,1
D020,Marnie's Grimmsnarl ex [draw],1097,Night Stretcher,4
D020,Marnie's Grimmsnarl ex [draw],1102,Dusk Ball,4
D020,Marnie's Grimmsnarl ex [draw],1121,Ultra Ball,4
D020,Marnie's Grimmsnarl ex [draw],1122,Pokégear 3.0,4
D020,Marnie's Grimmsnarl ex [draw],1123,Switch,2
D020,Marnie's Grimmsnarl ex [draw],1181,Billy & O'Nare,4
D020,Marnie's Grimmsnarl ex [draw],1182,Boss’s Orders,2
D020,Marnie's Grimmsnarl ex [draw],1213,Judge,4
D020,Marnie's Grimmsnarl ex [draw],1224,Cheren,4
D021,Ceruledge ex,2,Basic {R} Energy,8
D021,Ceruledge ex,319,Charcadet,3
D021,Ceruledge ex,320,Ceruledge ex,3
D021,Ceruledge ex,675,Lunatone,2
D021,Ceruledge ex,676,Solrock,2
D021,Ceruledge ex,1086,Buddy-Buddy Poffin,4
D021,Ceruledge ex,1088,Prime Catcher,1
D021,Ceruledge ex,1097,Night Stretcher,4
D021,Ceruledge ex,1102,Dusk Ball,4
D021,Ceruledge ex,1121,Ultra Ball,4
D021,Ceruledge ex,1122,Pokégear 3.0,4
D021,Ceruledge ex,1123,Switch,2
D021,Ceruledge ex,1156,Lucky Helmet,2
D021,Ceruledge ex,1174,Air Balloon,1
D021,Ceruledge ex,1181,Billy & O'Nare,4
D021,Ceruledge ex,1182,Boss’s Orders,2
D021,Ceruledge ex,1184,Lana’s Aid,2
D021,Ceruledge ex,1213,Judge,4
D021,Ceruledge ex,1224,Cheren,4
D022,Ceruledge ex [Lun2],2,Basic {R} Energy,8
D022,Ceruledge ex [Lun2],319,Charcadet,3
D022,Ceruledge ex [Lun2],320,Ceruledge ex,3
D022,Ceruledge ex [Lun2],675,Lunatone,3
D022,Ceruledge ex [Lun2],676,Solrock,3
D022,Ceruledge ex [Lun2],1086,Buddy-Buddy Poffin,4
D022,Ceruledge ex [Lun2],1088,Prime Catcher,1
D022,Ceruledge ex [Lun2],1097,Night Stretcher,4
D022,Ceruledge ex [Lun2],1102,Dusk Ball,4
D022,Ceruledge ex [Lun2],1121,Ultra Ball,4
D022,Ceruledge ex [Lun2],1122,Pokégear 3.0,4
D022,Ceruledge ex [Lun2],1123,Switch,2
D022,Ceruledge ex [Lun2],1156,Lucky Helmet,1
D022,Ceruledge ex [Lun2],1181,Billy & O'Nare,4
D022,Ceruledge ex [Lun2],1182,Boss’s Orders,2
D022,Ceruledge ex [Lun2],1184,Lana’s Aid,2
D022,Ceruledge ex [Lun2],1213,Judge,4
D022,Ceruledge ex [Lun2],1224,Cheren,4
D023,Ceruledge ex [lean],2,Basic {R} Energy,8
D023,Ceruledge ex [lean],319,Charcadet,3
D023,Ceruledge ex [lean],320,Ceruledge ex,3
D023,Ceruledge ex [lean],675,Lunatone,2
D023,Ceruledge ex [lean],676,Solrock,2
D023,Ceruledge ex [lean],1086,Buddy-Buddy Poffin,4
D023,Ceruledge ex [lean],1088,Prime Catcher,1
D023,Ceruledge ex [lean],1097,Night Stretcher,4
D023,Ceruledge ex [lean],1102,Dusk Ball,4
D023,Ceruledge ex [lean],1121,Ultra Ball,4
D023,Ceruledge ex [lean],1122,Pokégear 3.0,4
D023,Ceruledge ex [lean],1123,Switch,2
D023,Ceruledge ex [lean],1156,Lucky Helmet,2
D023,Ceruledge ex [lean],1174,Air Balloon,1
D023,Ceruledge ex [lean],1181,Billy & O'Nare,4
D023,Ceruledge ex [lean],1182,Boss’s Orders,2
D023,Ceruledge ex [lean],1184,Lana’s Aid,2
D023,Ceruledge ex [lean],1213,Judge,4
D023,Ceruledge ex [lean],1224,Cheren,4
D024,Ceruledge ex [charc],2,Basic {R} Energy,8
D024,Ceruledge ex [charc],204,Charcadet,1
D024,Ceruledge ex [charc],319,Charcadet,3
D024,Ceruledge ex [charc],320,Ceruledge ex,3
D024,Ceruledge ex [charc],675,Lunatone,2
D024,Ceruledge ex [charc],676,Solrock,2
D024,Ceruledge ex [charc],1086,Buddy-Buddy Poffin,4
D024,Ceruledge ex [charc],1088,Prime Catcher,1
D024,Ceruledge ex [charc],1097,Night Stretcher,4
D024,Ceruledge ex [charc],1102,Dusk Ball,4
D024,Ceruledge ex [charc],1121,Ultra Ball,4
D024,Ceruledge ex [charc],1122,Pokégear 3.0,4
D024,Ceruledge ex [charc],1123,Switch,2
D024,Ceruledge ex [charc],1156,Lucky Helmet,2
D024,Ceruledge ex [charc],1181,Billy & O'Nare,4
D024,Ceruledge ex [charc],1182,Boss’s Orders,2
D024,Ceruledge ex [charc],1184,Lana’s Aid,2
D024,Ceruledge ex [charc],1213,Judge,4
D024,Ceruledge ex [charc],1224,Cheren,4
D025,Teal Mask Ogerpon + Meganium,1,Basic {G} Energy,8
D025,Teal Mask Ogerpon + Meganium,95,Teal Mask Ogerpon,1
D025,Teal Mask Ogerpon + Meganium,96,Teal Mask Ogerpon ex,3
D025,Teal Mask Ogerpon + Meganium,710,Meganium,2
D025,Teal Mask Ogerpon + Meganium,922,Sprigatito,2
D025,Teal Mask Ogerpon + Meganium,1079,Rare Candy,4
D025,Teal Mask Ogerpon + Meganium,1086,Buddy-Buddy Poffin,4
D025,Teal Mask Ogerpon + Meganium,1088,Prime Catcher,1
D025,Teal Mask Ogerpon + Meganium,1097,Night Stretcher,3
D025,Teal Mask Ogerpon + Meganium,1102,Dusk Ball,4
D025,Teal Mask Ogerpon + Meganium,1121,Ultra Ball,4
D025,Teal Mask Ogerpon + Meganium,1122,Pokégear 3.0,4
D025,Teal Mask Ogerpon + Meganium,1123,Switch,2
D025,Teal Mask Ogerpon + Meganium,1181,Billy & O'Nare,4
D025,Teal Mask Ogerpon + Meganium,1182,Boss’s Orders,2
D025,Teal Mask Ogerpon + Meganium,1213,Judge,4
D025,Teal Mask Ogerpon + Meganium,1224,Cheren,4
D025,Teal Mask Ogerpon + Meganium,1225,Hilda,2
D025,Teal Mask Ogerpon + Meganium,1261,Forest of Vitality,2
D026,Teal Mask Ogerpon + Meganium [MegaMega],1,Basic {G} Energy,8
D026,Teal Mask Ogerpon + Meganium [MegaMega],95,Teal Mask Ogerpon,1
D026,Teal Mask Ogerpon + Meganium [MegaMega],96,Teal Mask Ogerpon ex,3
D026,Teal Mask Ogerpon + Meganium [MegaMega],710,Meganium,1
D026,Teal Mask Ogerpon + Meganium [MegaMega],919,Mega Meganium ex,1
D026,Teal Mask Ogerpon + Meganium [MegaMega],922,Sprigatito,2
D026,Teal Mask Ogerpon + Meganium [MegaMega],1079,Rare Candy,4
D026,Teal Mask Ogerpon + Meganium [MegaMega],1086,Buddy-Buddy Poffin,4
D026,Teal Mask Ogerpon + Meganium [MegaMega],1088,Prime Catcher,1
D026,Teal Mask Ogerpon + Meganium [MegaMega],1097,Night Stretcher,3
D026,Teal Mask Ogerpon + Meganium [MegaMega],1102,Dusk Ball,4
D026,Teal Mask Ogerpon + Meganium [MegaMega],1121,Ultra Ball,4
D026,Teal Mask Ogerpon + Meganium [MegaMega],1122,Pokégear 3.0,4
D026,Teal Mask Ogerpon + Meganium [MegaMega],1123,Switch,2
D026,Teal Mask Ogerpon + Meganium [MegaMega],1181,Billy & O'Nare,4
D026,Teal Mask Ogerpon + Meganium [MegaMega],1182,Boss’s Orders,2
D026,Teal Mask Ogerpon + Meganium [MegaMega],1213,Judge,4
D026,Teal Mask Ogerpon + Meganium [MegaMega],1224,Cheren,4
D026,Teal Mask Ogerpon + Meganium [MegaMega],1225,Hilda,2
D026,Teal Mask Ogerpon + Meganium [MegaMega],1261,Forest of Vitality,2
D027,Teal Mask Ogerpon + Meganium [Wellspring],1,Basic {G} Energy,8
D027,Teal Mask Ogerpon + Meganium [Wellspring],95,Teal Mask Ogerpon,1
D027,Teal Mask Ogerpon + Meganium [Wellspring],96,Teal Mask Ogerpon ex,3
D027,Teal Mask Ogerpon + Meganium [Wellspring],108,Wellspring Mask Ogerpon ex,1
D027,Teal Mask Ogerpon + Meganium [Wellspring],710,Meganium,2
D027,Teal Mask Ogerpon + Meganium [Wellspring],922,Sprigatito,2
D027,Teal Mask Ogerpon + Meganium [Wellspring],1079,Rare Candy,4
D027,Teal Mask Ogerpon + Meganium [Wellspring],1086,Buddy-Buddy Poffin,4
D027,Teal Mask Ogerpon + Meganium [Wellspring],1088,Prime Catcher,1
D027,Teal Mask Ogerpon + Meganium [Wellspring],1097,Night Stretcher,2
D027,Teal Mask Ogerpon + Meganium [Wellspring],1102,Dusk Ball,4
D027,Teal Mask Ogerpon + Meganium [Wellspring],1121,Ultra Ball,4
D027,Teal Mask Ogerpon + Meganium [Wellspring],1122,Pokégear 3.0,4
D027,Teal Mask Ogerpon + Meganium [Wellspring],1123,Switch,2
D027,Teal Mask Ogerpon + Meganium [Wellspring],1181,Billy & O'Nare,4
D027,Teal Mask Ogerpon + Meganium [Wellspring],1182,Boss’s Orders,2
D027,Teal Mask Ogerpon + Meganium [Wellspring],1213,Judge,4
D027,Teal Mask Ogerpon + Meganium [Wellspring],1224,Cheren,4
D027,Teal Mask Ogerpon + Meganium [Wellspring],1225,Hilda,2
D027,Teal Mask Ogerpon + Meganium [Wellspring],1261,Forest of Vitality,2
D028,Teal Mask Ogerpon + Meganium [lean],1,Basic {G} Energy,8
D028,Teal Mask Ogerpon + Meganium [lean],95,Teal Mask Ogerpon,1
D028,Teal Mask Ogerpon + Meganium [lean],96,Teal Mask Ogerpon ex,3
D028,Teal Mask Ogerpon + Meganium [lean],710,Meganium,2
D028,Teal Mask Ogerpon + Meganium [lean],922,Sprigatito,2
D028,Teal Mask Ogerpon + Meganium [lean],1079,Rare Candy,4
D028,Teal Mask Ogerpon + Meganium [lean],1086,Buddy-Buddy Poffin,4
D028,Teal Mask Ogerpon + Meganium [lean],1088,Prime Catcher,1
D028,Teal Mask Ogerpon + Meganium [lean],1097,Night Stretcher,3
D028,Teal Mask Ogerpon + Meganium [lean],1102,Dusk Ball,4
D028,Teal Mask Ogerpon + Meganium [lean],1121,Ultra Ball,4
D028,Teal Mask Ogerpon + Meganium [lean],1122,Pokégear 3.0,4
D028,Teal Mask Ogerpon + Meganium [lean],1123,Switch,2
D028,Teal Mask Ogerpon + Meganium [lean],1181,Billy & O'Nare,4
D028,Teal Mask Ogerpon + Meganium [lean],1182,Boss’s Orders,2
D028,Teal Mask Ogerpon + Meganium [lean],1213,Judge,4
D028,Teal Mask Ogerpon + Meganium [lean],1224,Cheren,4
D028,Teal Mask Ogerpon + Meganium [lean],1225,Hilda,2
D028,Teal Mask Ogerpon + Meganium [lean],1261,Forest of Vitality,2
D029,Hydrapple ex,1,Basic {G} Energy,8
D029,Hydrapple ex,150,Hydrapple ex,3
D029,Hydrapple ex,346,Applin,3
D029,Hydrapple ex,347,Dipplin,1
D029,Hydrapple ex,710,Meganium,1
D029,Hydrapple ex,922,Sprigatito,2
D029,Hydrapple ex,1079,Rare Candy,4
D029,Hydrapple ex,1086,Buddy-Buddy Poffin,4
D029,Hydrapple ex,1088,Prime Catcher,1
D029,Hydrapple ex,1097,Night Stretcher,2
D029,Hydrapple ex,1102,Dusk Ball,3
D029,Hydrapple ex,1121,Ultra Ball,4
D029,Hydrapple ex,1122,Pokégear 3.0,4
D029,Hydrapple ex,1123,Switch,2
D029,Hydrapple ex,1181,Billy & O'Nare,4
D029,Hydrapple ex,1182,Boss’s Orders,2
D029,Hydrapple ex,1213,Judge,4
D029,Hydrapple ex,1224,Cheren,4
D029,Hydrapple ex,1225,Hilda,2
D029,Hydrapple ex,1261,Forest of Vitality,2
D030,Hydrapple ex [Dipplin2],1,Basic {G} Energy,8
D030,Hydrapple ex [Dipplin2],150,Hydrapple ex,3
D030,Hydrapple ex [Dipplin2],346,Applin,3
D030,Hydrapple ex [Dipplin2],347,Dipplin,2
D030,Hydrapple ex [Dipplin2],710,Meganium,1
D030,Hydrapple ex [Dipplin2],922,Sprigatito,2
D030,Hydrapple ex [Dipplin2],1079,Rare Candy,4
D030,Hydrapple ex [Dipplin2],1086,Buddy-Buddy Poffin,4
D030,Hydrapple ex [Dipplin2],1088,Prime Catcher,1
D030,Hydrapple ex [Dipplin2],1097,Night Stretcher,2
D030,Hydrapple ex [Dipplin2],1102,Dusk Ball,2
D030,Hydrapple ex [Dipplin2],1121,Ultra Ball,4
D030,Hydrapple ex [Dipplin2],1122,Pokégear 3.0,4
D030,Hydrapple ex [Dipplin2],1123,Switch,2
D030,Hydrapple ex [Dipplin2],1181,Billy & O'Nare,4
D030,Hydrapple ex [Dipplin2],1182,Boss’s Orders,2
D030,Hydrapple ex [Dipplin2],1213,Judge,4
D030,Hydrapple ex [Dipplin2],1224,Cheren,4
D030,Hydrapple ex [Dipplin2],1225,Hilda,2
D030,Hydrapple ex [Dipplin2],1261,Forest of Vitality,2
D031,Hydrapple ex [lean],1,Basic {G} Energy,8
D031,Hydrapple ex [lean],150,Hydrapple ex,3
D031,Hydrapple ex [lean],346,Applin,3
D031,Hydrapple ex [lean],347,Dipplin,1
D031,Hydrapple ex [lean],710,Meganium,1
D031,Hydrapple ex [lean],922,Sprigatito,2
D031,Hydrapple ex [lean],1079,Rare Candy,4
D031,Hydrapple ex [lean],1086,Buddy-Buddy Poffin,4
D031,Hydrapple ex [lean],1088,Prime Catcher,1
D031,Hydrapple ex [lean],1097,Night Stretcher,2
D031,Hydrapple ex [lean],1102,Dusk Ball,3
D031,Hydrapple ex [lean],1121,Ultra Ball,4
D031,Hydrapple ex [lean],1122,Pokégear 3.0,4
D031,Hydrapple ex [lean],1123,Switch,2
D031,Hydrapple ex [lean],1181,Billy & O'Nare,4
D031,Hydrapple ex [lean],1182,Boss’s Orders,2
D031,Hydrapple ex [lean],1213,Judge,4
D031,Hydrapple ex [lean],1224,Cheren,4
D031,Hydrapple ex [lean],1225,Hilda,2
D031,Hydrapple ex [lean],1261,Forest of Vitality,2
D032,Hydrapple ex [candy4],1,Basic {G} Energy,8
D032,Hydrapple ex [candy4],150,Hydrapple ex,3
D032,Hydrapple ex [candy4],346,Applin,3
D032,Hydrapple ex [candy4],347,Dipplin,1
D032,Hydrapple ex [candy4],710,Meganium,1
D032,Hydrapple ex [candy4],922,Sprigatito,2
D032,Hydrapple ex [candy4],1079,Rare Candy,4
D032,Hydrapple ex [candy4],1086,Buddy-Buddy Poffin,4
D032,Hydrapple ex [candy4],1088,Prime Catcher,1
D032,Hydrapple ex [candy4],1097,Night Stretcher,2
D032,Hydrapple ex [candy4],1102,Dusk Ball,3
D032,Hydrapple ex [candy4],1121,Ultra Ball,4
D032,Hydrapple ex [candy4],1122,Pokégear 3.0,4
D032,Hydrapple ex [candy4],1123,Switch,2
D032,Hydrapple ex [candy4],1181,Billy & O'Nare,4
D032,Hydrapple ex [candy4],1182,Boss’s Orders,2
D032,Hydrapple ex [candy4],1213,Judge,4
D032,Hydrapple ex [candy4],1224,Cheren,4
D032,Hydrapple ex [candy4],1225,Hilda,2
D032,Hydrapple ex [candy4],1261,Forest of Vitality,2
D033,N's Zoroark ex,4,Basic {L} Energy,3
D033,N's Zoroark ex,7,Basic {D} Energy,5
D033,N's Zoroark ex,291,N’s Purrloin,3
D033,N's Zoroark ex,293,N’s Zoroark ex,3
D033,N's Zoroark ex,906,N's Zekrom,2
D033,N's Zoroark ex,1086,Buddy-Buddy Poffin,4
D033,N's Zoroark ex,1088,Prime Catcher,1
D033,N's Zoroark ex,1097,Night Stretcher,4
D033,N's Zoroark ex,1102,Dusk Ball,4
D033,N's Zoroark ex,1121,Ultra Ball,4
D033,N's Zoroark ex,1122,Pokégear 3.0,4
D033,N's Zoroark ex,1123,Switch,2
D033,N's Zoroark ex,1156,Lucky Helmet,2
D033,N's Zoroark ex,1174,Air Balloon,1
D033,N's Zoroark ex,1181,Billy & O'Nare,4
D033,N's Zoroark ex,1182,Boss’s Orders,2
D033,N's Zoroark ex,1184,Lana’s Aid,2
D033,N's Zoroark ex,1213,Judge,4
D033,N's Zoroark ex,1224,Cheren,4
D033,N's Zoroark ex,1253,N’s Castle,2
D034,N's Zoroark ex [Zekrom2],4,Basic {L} Energy,3
D034,N's Zoroark ex [Zekrom2],7,Basic {D} Energy,5
D034,N's Zoroark ex [Zekrom2],291,N’s Purrloin,3
D034,N's Zoroark ex [Zekrom2],293,N’s Zoroark ex,3
D034,N's Zoroark ex [Zekrom2],906,N's Zekrom,3
D034,N's Zoroark ex [Zekrom2],1086,Buddy-Buddy Poffin,4
D034,N's Zoroark ex [Zekrom2],1088,Prime Catcher,1
D034,N's Zoroark ex [Zekrom2],1097,Night Stretcher,4
D034,N's Zoroark ex [Zekrom2],1102,Dusk Ball,4
D034,N's Zoroark ex [Zekrom2],1121,Ultra Ball,4
D034,N's Zoroark ex [Zekrom2],1122,Pokégear 3.0,4
D034,N's Zoroark ex [Zekrom2],1123,Switch,2
D034,N's Zoroark ex [Zekrom2],1156,Lucky Helmet,2
D034,N's Zoroark ex [Zekrom2],1181,Billy & O'Nare,4
D034,N's Zoroark ex [Zekrom2],1182,Boss’s Orders,2
D034,N's Zoroark ex [Zekrom2],1184,Lana’s Aid,2
D034,N's Zoroark ex [Zekrom2],1213,Judge,4
D034,N's Zoroark ex [Zekrom2],1224,Cheren,4
D034,N's Zoroark ex [Zekrom2],1253,N’s Castle,2
D035,N's Zoroark ex [castle],4,Basic {L} Energy,3
D035,N's Zoroark ex [castle],7,Basic {D} Energy,5
D035,N's Zoroark ex [castle],291,N’s Purrloin,3
D035,N's Zoroark ex [castle],293,N’s Zoroark ex,3
D035,N's Zoroark ex [castle],906,N's Zekrom,2
D035,N's Zoroark ex [castle],1086,Buddy-Buddy Poffin,4
D035,N's Zoroark ex [castle],1088,Prime Catcher,1
D035,N's Zoroark ex [castle],1097,Night Stretcher,4
D035,N's Zoroark ex [castle],1102,Dusk Ball,4
D035,N's Zoroark ex [castle],1121,Ultra Ball,4
D035,N's Zoroark ex [castle],1122,Pokégear 3.0,4
D035,N's Zoroark ex [castle],1123,Switch,2
D035,N's Zoroark ex [castle],1156,Lucky Helmet,2
D035,N's Zoroark ex [castle],1181,Billy & O'Nare,4
D035,N's Zoroark ex [castle],1182,Boss’s Orders,2
D035,N's Zoroark ex [castle],1184,Lana’s Aid,2
D035,N's Zoroark ex [castle],1213,Judge,4
D035,N's Zoroark ex [castle],1224,Cheren,4
D035,N's Zoroark ex [castle],1253,N’s Castle,3
D036,N's Zoroark ex [lean],4,Basic {L} Energy,3
D036,N's Zoroark ex [lean],7,Basic {D} Energy,5
D036,N's Zoroark ex [lean],291,N’s Purrloin,3
D036,N's Zoroark ex [lean],293,N’s Zoroark ex,3
D036,N's Zoroark ex [lean],906,N's Zekrom,2
D036,N's Zoroark ex [lean],1086,Buddy-Buddy Poffin,4
D036,N's Zoroark ex [lean],1088,Prime Catcher,1
D036,N's Zoroark ex [lean],1097,Night Stretcher,4
D036,N's Zoroark ex [lean],1102,Dusk Ball,4
D036,N's Zoroark ex [lean],1121,Ultra Ball,4
D036,N's Zoroark ex [lean],1122,Pokégear 3.0,4
D036,N's Zoroark ex [lean],1123,Switch,2
D036,N's Zoroark ex [lean],1156,Lucky Helmet,2
D036,N's Zoroark ex [lean],1174,Air Balloon,1
D036,N's Zoroark ex [lean],1181,Billy & O'Nare,4
D036,N's Zoroark ex [lean],1182,Boss’s Orders,2
D036,N's Zoroark ex [lean],1184,Lana’s Aid,2
D036,N's Zoroark ex [lean],1213,Judge,4
D036,N's Zoroark ex [lean],1224,Cheren,4
D036,N's Zoroark ex [lean],1253,N’s Castle,2
D037,Iono's Bellibolt ex,4,Basic {L} Energy,10
D037,Iono's Bellibolt ex,269,Iono’s Bellibolt ex,3
D037,Iono's Bellibolt ex,270,Iono’s Wattrel,2
D037,Iono's Bellibolt ex,271,Iono’s Kilowattrel,2
D037,Iono's Bellibolt ex,1086,Buddy-Buddy Poffin,4
D037,Iono's Bellibolt ex,1088,Prime Catcher,1
D037,Iono's Bellibolt ex,1097,Night Stretcher,4
D037,Iono's Bellibolt ex,1102,Dusk Ball,4
D037,Iono's Bellibolt ex,1121,Ultra Ball,4
D037,Iono's Bellibolt ex,1122,Pokégear 3.0,4
D037,Iono's Bellibolt ex,1123,Switch,2
D037,Iono's Bellibolt ex,1156,Lucky Helmet,2
D037,Iono's Bellibolt ex,1174,Air Balloon,2
D037,Iono's Bellibolt ex,1181,Billy & O'Nare,4
D037,Iono's Bellibolt ex,1182,Boss’s Orders,2
D037,Iono's Bellibolt ex,1184,Lana’s Aid,2
D037,Iono's Bellibolt ex,1213,Judge,4
D037,Iono's Bellibolt ex,1224,Cheren,4
D038,Iono's Bellibolt ex [wattrel3],4,Basic {L} Energy,10
D038,Iono's Bellibolt ex [wattrel3],269,Iono’s Bellibolt ex,3
D038,Iono's Bellibolt ex [wattrel3],270,Iono’s Wattrel,3
D038,Iono's Bellibolt ex [wattrel3],271,Iono’s Kilowattrel,3
D038,Iono's Bellibolt ex [wattrel3],1086,Buddy-Buddy Poffin,4
D038,Iono's Bellibolt ex [wattrel3],1088,Prime Catcher,1
D038,Iono's Bellibolt ex [wattrel3],1097,Night Stretcher,4
D038,Iono's Bellibolt ex [wattrel3],1102,Dusk Ball,4
D038,Iono's Bellibolt ex [wattrel3],1121,Ultra Ball,4
D038,Iono's Bellibolt ex [wattrel3],1122,Pokégear 3.0,4
D038,Iono's Bellibolt ex [wattrel3],1123,Switch,2
D038,Iono's Bellibolt ex [wattrel3],1156,Lucky Helmet,2
D038,Iono's Bellibolt ex [wattrel3],1181,Billy & O'Nare,4
D038,Iono's Bellibolt ex [wattrel3],1182,Boss’s Orders,2
D038,Iono's Bellibolt ex [wattrel3],1184,Lana’s Aid,2
D038,Iono's Bellibolt ex [wattrel3],1213,Judge,4
D038,Iono's Bellibolt ex [wattrel3],1224,Cheren,4
D039,Iono's Bellibolt ex [draw],4,Basic {L} Energy,10
D039,Iono's Bellibolt ex [draw],269,Iono’s Bellibolt ex,3
D039,Iono's Bellibolt ex [draw],270,Iono’s Wattrel,2
D039,Iono's Bellibolt ex [draw],271,Iono’s Kilowattrel,2
D039,Iono's Bellibolt ex [draw],1086,Buddy-Buddy Poffin,4
D039,Iono's Bellibolt ex [draw],1088,Prime Catcher,1
D039,Iono's Bellibolt ex [draw],1097,Night Stretcher,4
D039,Iono's Bellibolt ex [draw],1102,Dusk Ball,4
D039,Iono's Bellibolt ex [draw],1121,Ultra Ball,4
D039,Iono's Bellibolt ex [draw],1122,Pokégear 3.0,4
D039,Iono's Bellibolt ex [draw],1123,Switch,2
D039,Iono's Bellibolt ex [draw],1156,Lucky Helmet,2
D039,Iono's Bellibolt ex [draw],1174,Air Balloon,2
D039,Iono's Bellibolt ex [draw],1181,Billy & O'Nare,4
D039,Iono's Bellibolt ex [draw],1182,Boss’s Orders,2
D039,Iono's Bellibolt ex [draw],1184,Lana’s Aid,2
D039,Iono's Bellibolt ex [draw],1213,Judge,4
D039,Iono's Bellibolt ex [draw],1224,Cheren,4
D040,Iono's Bellibolt ex [gust],4,Basic {L} Energy,10
D040,Iono's Bellibolt ex [gust],269,Iono’s Bellibolt ex,3
D040,Iono's Bellibolt ex [gust],270,Iono’s Wattrel,2
D040,Iono's Bellibolt ex [gust],271,Iono’s Kilowattrel,2
D040,Iono's Bellibolt ex [gust],1086,Buddy-Buddy Poffin,4
D040,Iono's Bellibolt ex [gust],1088,Prime Catcher,1
D040,Iono's Bellibolt ex [gust],1097,Night Stretcher,4
D040,Iono's Bellibolt ex [gust],1102,Dusk Ball,4
D040,Iono's Bellibolt ex [gust],1121,Ultra Ball,4
D040,Iono's Bellibolt ex [gust],1122,Pokégear 3.0,4
D040,Iono's Bellibolt ex [gust],1123,Switch,2
D040,Iono's Bellibolt ex [gust],1156,Lucky Helmet,2
D040,Iono's Bellibolt ex [gust],1174,Air Balloon,1
D040,Iono's Bellibolt ex [gust],1181,Billy & O'Nare,4
D040,Iono's Bellibolt ex [gust],1182,Boss’s Orders,3
D040,Iono's Bellibolt ex [gust],1184,Lana’s Aid,2
D040,Iono's Bellibolt ex [gust],1213,Judge,4
D040,Iono's Bellibolt ex [gust],1224,Cheren,4
D041,Ethan's Typhlosion,2,Basic {R} Energy,9
D041,Ethan's Typhlosion,65,Dunsparce,3
D041,Ethan's Typhlosion,66,Dudunsparce,3
D041,Ethan's Typhlosion,352,Ethan's Cyndaquil,2
D041,Ethan's Typhlosion,353,Ethan's Quilava,1
D041,Ethan's Typhlosion,354,Ethan's Typhlosion,3
D041,Ethan's Typhlosion,357,Ethan's Ho-Oh ex,1
D041,Ethan's Typhlosion,1086,Buddy-Buddy Poffin,4
D041,Ethan's Typhlosion,1088,Prime Catcher,1
D041,Ethan's Typhlosion,1097,Night Stretcher,4
D041,Ethan's Typhlosion,1102,Dusk Ball,4
D041,Ethan's Typhlosion,1121,Ultra Ball,4
D041,Ethan's Typhlosion,1122,Pokégear 3.0,4
D041,Ethan's Typhlosion,1123,Switch,2
D041,Ethan's Typhlosion,1181,Billy & O'Nare,4
D041,Ethan's Typhlosion,1182,Boss’s Orders,2
D041,Ethan's Typhlosion,1184,Lana’s Aid,1
D041,Ethan's Typhlosion,1213,Judge,4
D041,Ethan's Typhlosion,1224,Cheren,4
D042,Ethan's Typhlosion [HoOh2],2,Basic {R} Energy,9
D042,Ethan's Typhlosion [HoOh2],65,Dunsparce,3
D042,Ethan's Typhlosion [HoOh2],66,Dudunsparce,3
D042,Ethan's Typhlosion [HoOh2],352,Ethan's Cyndaquil,2
D042,Ethan's Typhlosion [HoOh2],353,Ethan's Quilava,1
D042,Ethan's Typhlosion [HoOh2],354,Ethan's Typhlosion,3
D042,Ethan's Typhlosion [HoOh2],357,Ethan's Ho-Oh ex,2
D042,Ethan's Typhlosion [HoOh2],1086,Buddy-Buddy Poffin,4
D042,Ethan's Typhlosion [HoOh2],1088,Prime Catcher,1
D042,Ethan's Typhlosion [HoOh2],1097,Night Stretcher,4
D042,Ethan's Typhlosion [HoOh2],1102,Dusk Ball,4
D042,Ethan's Typhlosion [HoOh2],1121,Ultra Ball,4
D042,Ethan's Typhlosion [HoOh2],1122,Pokégear 3.0,4
D042,Ethan's Typhlosion [HoOh2],1123,Switch,2
D042,Ethan's Typhlosion [HoOh2],1181,Billy & O'Nare,4
D042,Ethan's Typhlosion [HoOh2],1182,Boss’s Orders,2
D042,Ethan's Typhlosion [HoOh2],1213,Judge,4
D042,Ethan's Typhlosion [HoOh2],1224,Cheren,4
D043,Ethan's Typhlosion [lean],2,Basic {R} Energy,9
D043,Ethan's Typhlosion [lean],65,Dunsparce,3
D043,Ethan's Typhlosion [lean],66,Dudunsparce,3
D043,Ethan's Typhlosion [lean],352,Ethan's Cyndaquil,2
D043,Ethan's Typhlosion [lean],353,Ethan's Quilava,1
D043,Ethan's Typhlosion [lean],354,Ethan's Typhlosion,3
D043,Ethan's Typhlosion [lean],357,Ethan's Ho-Oh ex,1
D043,Ethan's Typhlosion [lean],1086,Buddy-Buddy Poffin,4
D043,Ethan's Typhlosion [lean],1088,Prime Catcher,1
D043,Ethan's Typhlosion [lean],1097,Night Stretcher,4
D043,Ethan's Typhlosion [lean],1102,Dusk Ball,4
D043,Ethan's Typhlosion [lean],1121,Ultra Ball,4
D043,Ethan's Typhlosion [lean],1122,Pokégear 3.0,4
D043,Ethan's Typhlosion [lean],1123,Switch,2
D043,Ethan's Typhlosion [lean],1181,Billy & O'Nare,4
D043,Ethan's Typhlosion [lean],1182,Boss’s Orders,2
D043,Ethan's Typhlosion [lean],1184,Lana’s Aid,1
D043,Ethan's Typhlosion [lean],1213,Judge,4
D043,Ethan's Typhlosion [lean],1224,Cheren,4
D044,Ethan's Typhlosion [dunsparce],2,Basic {R} Energy,9
D044,Ethan's Typhlosion [dunsparce],65,Dunsparce,4
D044,Ethan's Typhlosion [dunsparce],66,Dudunsparce,3
D044,Ethan's Typhlosion [dunsparce],352,Ethan's Cyndaquil,2
D044,Ethan's Typhlosion [dunsparce],353,Ethan's Quilava,1
D044,Ethan's Typhlosion [dunsparce],354,Ethan's Typhlosion,3
D044,Ethan's Typhlosion [dunsparce],357,Ethan's Ho-Oh ex,1
D044,Ethan's Typhlosion [dunsparce],1086,Buddy-Buddy Poffin,4
D044,Ethan's Typhlosion [dunsparce],1088,Prime Catcher,1
D044,Ethan's Typhlosion [dunsparce],1097,Night Stretcher,4
D044,Ethan's Typhlosion [dunsparce],1102,Dusk Ball,4
D044,Ethan's Typhlosion [dunsparce],1121,Ultra Ball,4
D044,Ethan's Typhlosion [dunsparce],1122,Pokégear 3.0,4
D044,Ethan's Typhlosion [dunsparce],1123,Switch,2
D044,Ethan's Typhlosion [dunsparce],1181,Billy & O'Nare,4
D044,Ethan's Typhlosion [dunsparce],1182,Boss’s Orders,2
D044,Ethan's Typhlosion [dunsparce],1213,Judge,4
D044,Ethan's Typhlosion [dunsparce],1224,Cheren,4
D045,Mega Gardevoir ex,5,Basic {P} Energy,9
D045,Mega Gardevoir ex,745,Ralts,4
D045,Mega Gardevoir ex,746,Kirlia,2
D045,Mega Gardevoir ex,747,Mega Gardevoir ex,3
D045,Mega Gardevoir ex,1079,Rare Candy,4
D045,Mega Gardevoir ex,1086,Buddy-Buddy Poffin,4
D045,Mega Gardevoir ex,1088,Prime Catcher,1
D045,Mega Gardevoir ex,1097,Night Stretcher,3
D045,Mega Gardevoir ex,1102,Dusk Ball,4
D045,Mega Gardevoir ex,1121,Ultra Ball,4
D045,Mega Gardevoir ex,1122,Pokégear 3.0,4
D045,Mega Gardevoir ex,1123,Switch,2
D045,Mega Gardevoir ex,1181,Billy & O'Nare,4
D045,Mega Gardevoir ex,1182,Boss’s Orders,2
D045,Mega Gardevoir ex,1213,Judge,4
D045,Mega Gardevoir ex,1224,Cheren,4
D045,Mega Gardevoir ex,1225,Hilda,2
D046,Mega Gardevoir ex [kirlia3],5,Basic {P} Energy,9
D046,Mega Gardevoir ex [kirlia3],745,Ralts,4
D046,Mega Gardevoir ex [kirlia3],746,Kirlia,3
D046,Mega Gardevoir ex [kirlia3],747,Mega Gardevoir ex,3
D046,Mega Gardevoir ex [kirlia3],1079,Rare Candy,4
D046,Mega Gardevoir ex [kirlia3],1086,Buddy-Buddy Poffin,4
D046,Mega Gardevoir ex [kirlia3],1088,Prime Catcher,1
D046,Mega Gardevoir ex [kirlia3],1097,Night Stretcher,2
D046,Mega Gardevoir ex [kirlia3],1102,Dusk Ball,4
D046,Mega Gardevoir ex [kirlia3],1121,Ultra Ball,4
D046,Mega Gardevoir ex [kirlia3],1122,Pokégear 3.0,4
D046,Mega Gardevoir ex [kirlia3],1123,Switch,2
D046,Mega Gardevoir ex [kirlia3],1181,Billy & O'Nare,4
D046,Mega Gardevoir ex [kirlia3],1182,Boss’s Orders,2
D046,Mega Gardevoir ex [kirlia3],1213,Judge,4
D046,Mega Gardevoir ex [kirlia3],1224,Cheren,4
D046,Mega Gardevoir ex [kirlia3],1225,Hilda,2
D047,Mega Gardevoir ex [lean],5,Basic {P} Energy,9
D047,Mega Gardevoir ex [lean],745,Ralts,4
D047,Mega Gardevoir ex [lean],746,Kirlia,2
D047,Mega Gardevoir ex [lean],747,Mega Gardevoir ex,3
D047,Mega Gardevoir ex [lean],1079,Rare Candy,4
D047,Mega Gardevoir ex [lean],1086,Buddy-Buddy Poffin,4
D047,Mega Gardevoir ex [lean],1088,Prime Catcher,1
D047,Mega Gardevoir ex [lean],1097,Night Stretcher,3
D047,Mega Gardevoir ex [lean],1102,Dusk Ball,4
D047,Mega Gardevoir ex [lean],1121,Ultra Ball,4
D047,Mega Gardevoir ex [lean],1122,Pokégear 3.0,4
D047,Mega Gardevoir ex [lean],1123,Switch,2
D047,Mega Gardevoir ex [lean],1181,Billy & O'Nare,4
D047,Mega Gardevoir ex [lean],1182,Boss’s Orders,2
D047,Mega Gardevoir ex [lean],1213,Judge,4
D047,Mega Gardevoir ex [lean],1224,Cheren,4
D047,Mega Gardevoir ex [lean],1225,Hilda,2
D048,Mega Gardevoir ex [candy],5,Basic {P} Energy,9
D048,Mega Gardevoir ex [candy],745,Ralts,4
D048,Mega Gardevoir ex [candy],746,Kirlia,2
D048,Mega Gardevoir ex [candy],747,Mega Gardevoir ex,3
D048,Mega Gardevoir ex [candy],1079,Rare Candy,4
D048,Mega Gardevoir ex [candy],1086,Buddy-Buddy Poffin,4
D048,Mega Gardevoir ex [candy],1088,Prime Catcher,1
D048,Mega Gardevoir ex [candy],1097,Night Stretcher,3
D048,Mega Gardevoir ex [candy],1102,Dusk Ball,4
D048,Mega Gardevoir ex [candy],1121,Ultra Ball,4
D048,Mega Gardevoir ex [candy],1122,Pokégear 3.0,4
D048,Mega Gardevoir ex [candy],1123,Switch,2
D048,Mega Gardevoir ex [candy],1181,Billy & O'Nare,4
D048,Mega Gardevoir ex [candy],1182,Boss’s Orders,2
D048,Mega Gardevoir ex [candy],1213,Judge,4
D048,Mega Gardevoir ex [candy],1224,Cheren,4
D048,Mega Gardevoir ex [candy],1225,Hilda,2
D049,Cynthia's Garchomp ex,6,Basic {F} Energy,8
D049,Cynthia's Garchomp ex,341,Cynthia's Roselia,2
D049,Cynthia's Garchomp ex,342,Cynthia's Roserade,1
D049,Cynthia's Garchomp ex,379,Cynthia's Gible,3
D049,Cynthia's Garchomp ex,380,Cynthia's Gabite,1
D049,Cynthia's Garchomp ex,381,Cynthia's Garchomp ex,3
D049,Cynthia's Garchomp ex,387,Cynthia's Spiritomb,1
D049,Cynthia's Garchomp ex,1079,Rare Candy,4
D049,Cynthia's Garchomp ex,1086,Buddy-Buddy Poffin,4
D049,Cynthia's Garchomp ex,1088,Prime Catcher,1
D049,Cynthia's Garchomp ex,1097,Night Stretcher,2
D049,Cynthia's Garchomp ex,1102,Dusk Ball,4
D049,Cynthia's Garchomp ex,1121,Ultra Ball,4
D049,Cynthia's Garchomp ex,1122,Pokégear 3.0,4
D049,Cynthia's Garchomp ex,1123,Switch,2
D049,Cynthia's Garchomp ex,1181,Billy & O'Nare,4
D049,Cynthia's Garchomp ex,1182,Boss’s Orders,2
D049,Cynthia's Garchomp ex,1213,Judge,4
D049,Cynthia's Garchomp ex,1224,Cheren,4
D049,Cynthia's Garchomp ex,1225,Hilda,2
D050,Cynthia's Garchomp ex [roserade2],6,Basic {F} Energy,8
D050,Cynthia's Garchomp ex [roserade2],341,Cynthia's Roselia,2
D050,Cynthia's Garchomp ex [roserade2],342,Cynthia's Roserade,2
D050,Cynthia's Garchomp ex [roserade2],379,Cynthia's Gible,3
D050,Cynthia's Garchomp ex [roserade2],380,Cynthia's Gabite,1
D050,Cynthia's Garchomp ex [roserade2],381,Cynthia's Garchomp ex,3
D050,Cynthia's Garchomp ex [roserade2],387,Cynthia's Spiritomb,1
D050,Cynthia's Garchomp ex [roserade2],1079,Rare Candy,4
D050,Cynthia's Garchomp ex [roserade2],1086,Buddy-Buddy Poffin,4
D050,Cynthia's Garchomp ex [roserade2],1088,Prime Catcher,1
D050,Cynthia's Garchomp ex [roserade2],1097,Night Stretcher,2
D050,Cynthia's Garchomp ex [roserade2],1102,Dusk Ball,3
D050,Cynthia's Garchomp ex [roserade2],1121,Ultra Ball,4
D050,Cynthia's Garchomp ex [roserade2],1122,Pokégear 3.0,4
D050,Cynthia's Garchomp ex [roserade2],1123,Switch,2
D050,Cynthia's Garchomp ex [roserade2],1181,Billy & O'Nare,4
D050,Cynthia's Garchomp ex [roserade2],1182,Boss’s Orders,2
D050,Cynthia's Garchomp ex [roserade2],1213,Judge,4
D050,Cynthia's Garchomp ex [roserade2],1224,Cheren,4
D050,Cynthia's Garchomp ex [roserade2],1225,Hilda,2
D051,Cynthia's Garchomp ex [milotic],6,Basic {F} Energy,8
D051,Cynthia's Garchomp ex [milotic],341,Cynthia's Roselia,2
D051,Cynthia's Garchomp ex [milotic],342,Cynthia's Roserade,1
D051,Cynthia's Garchomp ex [milotic],365,Cynthia's Feebas,1
D051,Cynthia's Garchomp ex [milotic],366,Cynthia's Milotic,1
D051,Cynthia's Garchomp ex [milotic],379,Cynthia's Gible,3
D051,Cynthia's Garchomp ex [milotic],380,Cynthia's Gabite,1
D051,Cynthia's Garchomp ex [milotic],381,Cynthia's Garchomp ex,3
D051,Cynthia's Garchomp ex [milotic],387,Cynthia's Spiritomb,1
D051,Cynthia's Garchomp ex [milotic],1079,Rare Candy,4
D051,Cynthia's Garchomp ex [milotic],1086,Buddy-Buddy Poffin,4
D051,Cynthia's Garchomp ex [milotic],1088,Prime Catcher,1
D051,Cynthia's Garchomp ex [milotic],1097,Night Stretcher,2
D051,Cynthia's Garchomp ex [milotic],1102,Dusk Ball,2
D051,Cynthia's Garchomp ex [milotic],1121,Ultra Ball,4
D051,Cynthia's Garchomp ex [milotic],1122,Pokégear 3.0,4
D051,Cynthia's Garchomp ex [milotic],1123,Switch,2
D051,Cynthia's Garchomp ex [milotic],1181,Billy & O'Nare,4
D051,Cynthia's Garchomp ex [milotic],1182,Boss’s Orders,2
D051,Cynthia's Garchomp ex [milotic],1213,Judge,4
D051,Cynthia's Garchomp ex [milotic],1224,Cheren,4
D051,Cynthia's Garchomp ex [milotic],1225,Hilda,2
D052,Cynthia's Garchomp ex [lean],6,Basic {F} Energy,8
D052,Cynthia's Garchomp ex [lean],341,Cynthia's Roselia,2
D052,Cynthia's Garchomp ex [lean],342,Cynthia's Roserade,1
D052,Cynthia's Garchomp ex [lean],379,Cynthia's Gible,3
D052,Cynthia's Garchomp ex [lean],380,Cynthia's Gabite,1
D052,Cynthia's Garchomp ex [lean],381,Cynthia's Garchomp ex,3
D052,Cynthia's Garchomp ex [lean],387,Cynthia's Spiritomb,1
D052,Cynthia's Garchomp ex [lean],1079,Rare Candy,4
D052,Cynthia's Garchomp ex [lean],1086,Buddy-Buddy Poffin,4
D052,Cynthia's Garchomp ex [lean],1088,Prime Catcher,1
D052,Cynthia's Garchomp ex [lean],1097,Night Stretcher,2
D052,Cynthia's Garchomp ex [lean],1102,Dusk Ball,4
D052,Cynthia's Garchomp ex [lean],1121,Ultra Ball,4
D052,Cynthia's Garchomp ex [lean],1122,Pokégear 3.0,4
D052,Cynthia's Garchomp ex [lean],1123,Switch,2
D052,Cynthia's Garchomp ex [lean],1181,Billy & O'Nare,4
D052,Cynthia's Garchomp ex [lean],1182,Boss’s Orders,2
D052,Cynthia's Garchomp ex [lean],1213,Judge,4
D052,Cynthia's Garchomp ex [lean],1224,Cheren,4
D052,Cynthia's Garchomp ex [lean],1225,Hilda,2
D053,Mega Lucario ex,6,Basic {F} Energy,9
D053,Mega Lucario ex,478,Squawkabilly,1
D053,Mega Lucario ex,678,Mega Lucario ex,3
D053,Mega Lucario ex,1086,Buddy-Buddy Poffin,4
D053,Mega Lucario ex,1088,Prime Catcher,1
D053,Mega Lucario ex,1097,Night Stretcher,4
D053,Mega Lucario ex,1102,Dusk Ball,4
D053,Mega Lucario ex,1112,Super Potion,2
D053,Mega Lucario ex,1121,Ultra Ball,4
D053,Mega Lucario ex,1122,Pokégear 3.0,4
D053,Mega Lucario ex,1123,Switch,2
D053,Mega Lucario ex,1139,Energy Recycler,1
D053,Mega Lucario ex,1156,Lucky Helmet,2
D053,Mega Lucario ex,1174,Air Balloon,2
D053,Mega Lucario ex,1181,Billy & O'Nare,4
D053,Mega Lucario ex,1182,Boss’s Orders,3
D053,Mega Lucario ex,1184,Lana’s Aid,2
D053,Mega Lucario ex,1213,Judge,4
D053,Mega Lucario ex,1224,Cheren,4
D054,Mega Lucario ex [gong],6,Basic {F} Energy,9
D054,Mega Lucario ex [gong],478,Squawkabilly,1
D054,Mega Lucario ex [gong],678,Mega Lucario ex,3
D054,Mega Lucario ex [gong],1086,Buddy-Buddy Poffin,4
D054,Mega Lucario ex [gong],1088,Prime Catcher,1
D054,Mega Lucario ex [gong],1097,Night Stretcher,4
D054,Mega Lucario ex [gong],1102,Dusk Ball,4
D054,Mega Lucario ex [gong],1112,Super Potion,2
D054,Mega Lucario ex [gong],1121,Ultra Ball,4
D054,Mega Lucario ex [gong],1122,Pokégear 3.0,4
D054,Mega Lucario ex [gong],1123,Switch,2
D054,Mega Lucario ex [gong],1142,Fighting Gong,2
D054,Mega Lucario ex [gong],1156,Lucky Helmet,2
D054,Mega Lucario ex [gong],1174,Air Balloon,2
D054,Mega Lucario ex [gong],1181,Billy & O'Nare,4
D054,Mega Lucario ex [gong],1182,Boss’s Orders,2
D054,Mega Lucario ex [gong],1184,Lana’s Aid,2
D054,Mega Lucario ex [gong],1213,Judge,4
D054,Mega Lucario ex [gong],1224,Cheren,4
D055,Mega Lucario ex [lean],6,Basic {F} Energy,9
D055,Mega Lucario ex [lean],478,Squawkabilly,1
D055,Mega Lucario ex [lean],678,Mega Lucario ex,3
D055,Mega Lucario ex [lean],1086,Buddy-Buddy Poffin,4
D055,Mega Lucario ex [lean],1088,Prime Catcher,1
D055,Mega Lucario ex [lean],1097,Night Stretcher,4
D055,Mega Lucario ex [lean],1102,Dusk Ball,4
D055,Mega Lucario ex [lean],1112,Super Potion,2
D055,Mega Lucario ex [lean],1121,Ultra Ball,4
D055,Mega Lucario ex [lean],1122,Pokégear 3.0,4
D055,Mega Lucario ex [lean],1123,Switch,2
D055,Mega Lucario ex [lean],1139,Energy Recycler,1
D055,Mega Lucario ex [lean],1156,Lucky Helmet,2
D055,Mega Lucario ex [lean],1174,Air Balloon,2
D055,Mega Lucario ex [lean],1181,Billy & O'Nare,4
D055,Mega Lucario ex [lean],1182,Boss’s Orders,3
D055,Mega Lucario ex [lean],1184,Lana’s Aid,2
D055,Mega Lucario ex [lean],1213,Judge,4
D055,Mega Lucario ex [lean],1224,Cheren,4
D056,Mega Lucario ex [squawk],6,Basic {F} Energy,9
D056,Mega Lucario ex [squawk],478,Squawkabilly,2
D056,Mega Lucario ex [squawk],678,Mega Lucario ex,3
D056,Mega Lucario ex [squawk],1086,Buddy-Buddy Poffin,4
D056,Mega Lucario ex [squawk],1088,Prime Catcher,1
D056,Mega Lucario ex [squawk],1097,Night Stretcher,4
D056,Mega Lucario ex [squawk],1102,Dusk Ball,4
D056,Mega Lucario ex [squawk],1112,Super Potion,2
D056,Mega Lucario ex [squawk],1121,Ultra Ball,4
D056,Mega Lucario ex [squawk],1122,Pokégear 3.0,4
D056,Mega Lucario ex [squawk],1123,Switch,2
D056,Mega Lucario ex [squawk],1156,Lucky Helmet,2
D056,Mega Lucario ex [squawk],1174,Air Balloon,2
D056,Mega Lucario ex [squawk],1181,Billy & O'Nare,4
D056,Mega Lucario ex [squawk],1182,Boss’s Orders,3
D056,Mega Lucario ex [squawk],1184,Lana’s Aid,2
D056,Mega Lucario ex [squawk],1213,Judge,4
D056,Mega Lucario ex [squawk],1224,Cheren,4
D057,Team Rocket's Mewtwo ex,5,Basic {P} Energy,7
D057,Team Rocket's Mewtwo ex,15,Team Rocket's Energy,2
D057,Team Rocket's Mewtwo ex,431,Team Rocket's Mewtwo ex,3
D057,Team Rocket's Mewtwo ex,478,Squawkabilly,1
D057,Team Rocket's Mewtwo ex,1086,Buddy-Buddy Poffin,4
D057,Team Rocket's Mewtwo ex,1088,Prime Catcher,1
D057,Team Rocket's Mewtwo ex,1097,Night Stretcher,4
D057,Team Rocket's Mewtwo ex,1102,Dusk Ball,4
D057,Team Rocket's Mewtwo ex,1112,Super Potion,2
D057,Team Rocket's Mewtwo ex,1121,Ultra Ball,4
D057,Team Rocket's Mewtwo ex,1122,Pokégear 3.0,4
D057,Team Rocket's Mewtwo ex,1123,Switch,2
D057,Team Rocket's Mewtwo ex,1139,Energy Recycler,1
D057,Team Rocket's Mewtwo ex,1156,Lucky Helmet,2
D057,Team Rocket's Mewtwo ex,1174,Air Balloon,2
D057,Team Rocket's Mewtwo ex,1181,Billy & O'Nare,4
D057,Team Rocket's Mewtwo ex,1182,Boss’s Orders,3
D057,Team Rocket's Mewtwo ex,1184,Lana’s Aid,2
D057,Team Rocket's Mewtwo ex,1213,Judge,4
D057,Team Rocket's Mewtwo ex,1224,Cheren,4
D058,Team Rocket's Mewtwo ex [watchtower],5,Basic {P} Energy,7
D058,Team Rocket's Mewtwo ex [watchtower],15,Team Rocket's Energy,2
D058,Team Rocket's Mewtwo ex [watchtower],431,Team Rocket's Mewtwo ex,3
D058,Team Rocket's Mewtwo ex [watchtower],478,Squawkabilly,1
D058,Team Rocket's Mewtwo ex [watchtower],1086,Buddy-Buddy Poffin,4
D058,Team Rocket's Mewtwo ex [watchtower],1088,Prime Catcher,1
D058,Team Rocket's Mewtwo ex [watchtower],1097,Night Stretcher,4
D058,Team Rocket's Mewtwo ex [watchtower],1102,Dusk Ball,4
D058,Team Rocket's Mewtwo ex [watchtower],1112,Super Potion,2
D058,Team Rocket's Mewtwo ex [watchtower],1121,Ultra Ball,4
D058,Team Rocket's Mewtwo ex [watchtower],1122,Pokégear 3.0,4
D058,Team Rocket's Mewtwo ex [watchtower],1123,Switch,2
D058,Team Rocket's Mewtwo ex [watchtower],1156,Lucky Helmet,2
D058,Team Rocket's Mewtwo ex [watchtower],1174,Air Balloon,2
D058,Team Rocket's Mewtwo ex [watchtower],1181,Billy & O'Nare,4
D058,Team Rocket's Mewtwo ex [watchtower],1182,Boss’s Orders,3
D058,Team Rocket's Mewtwo ex [watchtower],1184,Lana’s Aid,2
D058,Team Rocket's Mewtwo ex [watchtower],1213,Judge,4
D058,Team Rocket's Mewtwo ex [watchtower],1224,Cheren,4
D058,Team Rocket's Mewtwo ex [watchtower],1256,Team Rocket's Watchtower,1
D059,Team Rocket's Mewtwo ex [lean],5,Basic {P} Energy,7
D059,Team Rocket's Mewtwo ex [lean],15,Team Rocket's Energy,2
D059,Team Rocket's Mewtwo ex [lean],431,Team Rocket's Mewtwo ex,3
D059,Team Rocket's Mewtwo ex [lean],478,Squawkabilly,1
D059,Team Rocket's Mewtwo ex [lean],1086,Buddy-Buddy Poffin,4
D059,Team Rocket's Mewtwo ex [lean],1088,Prime Catcher,1
D059,Team Rocket's Mewtwo ex [lean],1097,Night Stretcher,4
D059,Team Rocket's Mewtwo ex [lean],1102,Dusk Ball,4
D059,Team Rocket's Mewtwo ex [lean],1112,Super Potion,2
D059,Team Rocket's Mewtwo ex [lean],1121,Ultra Ball,4
D059,Team Rocket's Mewtwo ex [lean],1122,Pokégear 3.0,4
D059,Team Rocket's Mewtwo ex [lean],1123,Switch,2
D059,Team Rocket's Mewtwo ex [lean],1139,Energy Recycler,1
D059,Team Rocket's Mewtwo ex [lean],1156,Lucky Helmet,2
D059,Team Rocket's Mewtwo ex [lean],1174,Air Balloon,2
D059,Team Rocket's Mewtwo ex [lean],1181,Billy & O'Nare,4
D059,Team Rocket's Mewtwo ex [lean],1182,Boss’s Orders,3
D059,Team Rocket's Mewtwo ex [lean],1184,Lana’s Aid,2
D059,Team Rocket's Mewtwo ex [lean],1213,Judge,4
D059,Team Rocket's Mewtwo ex [lean],1224,Cheren,4
D060,Team Rocket's Mewtwo ex [bother],5,Basic {P} Energy,7
D060,Team Rocket's Mewtwo ex [bother],15,Team Rocket's Energy,2
D060,Team Rocket's Mewtwo ex [bother],431,Team Rocket's Mewtwo ex,3
D060,Team Rocket's Mewtwo ex [bother],478,Squawkabilly,1
D060,Team Rocket's Mewtwo ex [bother],1086,Buddy-Buddy Poffin,4
D060,Team Rocket's Mewtwo ex [bother],1088,Prime Catcher,1
D060,Team Rocket's Mewtwo ex [bother],1097,Night Stretcher,4
D060,Team Rocket's Mewtwo ex [bother],1102,Dusk Ball,4
D060,Team Rocket's Mewtwo ex [bother],1112,Super Potion,2
D060,Team Rocket's Mewtwo ex [bother],1121,Ultra Ball,4
D060,Team Rocket's Mewtwo ex [bother],1122,Pokégear 3.0,4
D060,Team Rocket's Mewtwo ex [bother],1123,Switch,2
D060,Team Rocket's Mewtwo ex [bother],1131,Team Rocket's Bother-Bot,2
D060,Team Rocket's Mewtwo ex [bother],1156,Lucky Helmet,2
D060,Team Rocket's Mewtwo ex [bother],1174,Air Balloon,2
D060,Team Rocket's Mewtwo ex [bother],1181,Billy & O'Nare,4
D060,Team Rocket's Mewtwo ex [bother],1182,Boss’s Orders,2
D060,Team Rocket's Mewtwo ex [bother],1184,Lana’s Aid,2
D060,Team Rocket's Mewtwo ex [bother],1213,Judge,4
D060,Team Rocket's Mewtwo ex [bother],1224,Cheren,4
D061,Crustle single-prize wall,6,Basic {F} Energy,8
D061,Crustle single-prize wall,344,Dwebble,4
D061,Crustle single-prize wall,345,Crustle,4
D061,Crustle single-prize wall,478,Squawkabilly,1
D061,Crustle single-prize wall,532,Dwebble,2
D061,Crustle single-prize wall,533,Crustle,2
D061,Crustle single-prize wall,1086,Buddy-Buddy Poffin,4
D061,Crustle single-prize wall,1088,Prime Catcher,1
D061,Crustle single-prize wall,1097,Night Stretcher,4
D061,Crustle single-prize wall,1102,Dusk Ball,4
D061,Crustle single-prize wall,1121,Ultra Ball,4
D061,Crustle single-prize wall,1122,Pokégear 3.0,4
D061,Crustle single-prize wall,1123,Switch,2
D061,Crustle single-prize wall,1181,Billy & O'Nare,4
D061,Crustle single-prize wall,1182,Boss’s Orders,2
D061,Crustle single-prize wall,1184,Lana’s Aid,2
D061,Crustle single-prize wall,1213,Judge,4
D061,Crustle single-prize wall,1224,Cheren,4
D062,Crustle single-prize wall [bothID],6,Basic {F} Energy,8
D062,Crustle single-prize wall [bothID],344,Dwebble,4
D062,Crustle single-prize wall [bothID],345,Crustle,4
D062,Crustle single-prize wall [bothID],478,Squawkabilly,1
D062,Crustle single-prize wall [bothID],532,Dwebble,2
D062,Crustle single-prize wall [bothID],533,Crustle,3
D062,Crustle single-prize wall [bothID],1086,Buddy-Buddy Poffin,4
D062,Crustle single-prize wall [bothID],1088,Prime Catcher,1
D062,Crustle single-prize wall [bothID],1097,Night Stretcher,4
D062,Crustle single-prize wall [bothID],1102,Dusk Ball,4
D062,Crustle single-prize wall [bothID],1121,Ultra Ball,4
D062,Crustle single-prize wall [bothID],1122,Pokégear 3.0,4
D062,Crustle single-prize wall [bothID],1123,Switch,2
D062,Crustle single-prize wall [bothID],1181,Billy & O'Nare,4
D062,Crustle single-prize wall [bothID],1182,Boss’s Orders,2
D062,Crustle single-prize wall [bothID],1184,Lana’s Aid,1
D062,Crustle single-prize wall [bothID],1213,Judge,4
D062,Crustle single-prize wall [bothID],1224,Cheren,4
D063,Crustle single-prize wall [draw],6,Basic {F} Energy,8
D063,Crustle single-prize wall [draw],344,Dwebble,4
D063,Crustle single-prize wall [draw],345,Crustle,4
D063,Crustle single-prize wall [draw],478,Squawkabilly,1
D063,Crustle single-prize wall [draw],532,Dwebble,2
D063,Crustle single-prize wall [draw],533,Crustle,2
D063,Crustle single-prize wall [draw],1086,Buddy-Buddy Poffin,4
D063,Crustle single-prize wall [draw],1088,Prime Catcher,1
D063,Crustle single-prize wall [draw],1097,Night Stretcher,4
D063,Crustle single-prize wall [draw],1102,Dusk Ball,4
D063,Crustle single-prize wall [draw],1121,Ultra Ball,4
D063,Crustle single-prize wall [draw],1122,Pokégear 3.0,4
D063,Crustle single-prize wall [draw],1123,Switch,2
D063,Crustle single-prize wall [draw],1181,Billy & O'Nare,4
D063,Crustle single-prize wall [draw],1182,Boss’s Orders,2
D063,Crustle single-prize wall [draw],1184,Lana’s Aid,2
D063,Crustle single-prize wall [draw],1213,Judge,4
D063,Crustle single-prize wall [draw],1224,Cheren,4
D064,Crustle single-prize wall [lean],6,Basic {F} Energy,8
D064,Crustle single-prize wall [lean],344,Dwebble,4
D064,Crustle single-prize wall [lean],345,Crustle,4
D064,Crustle single-prize wall [lean],478,Squawkabilly,1
D064,Crustle single-prize wall [lean],532,Dwebble,2
D064,Crustle single-prize wall [lean],533,Crustle,2
D064,Crustle single-prize wall [lean],1086,Buddy-Buddy Poffin,4
D064,Crustle single-prize wall [lean],1088,Prime Catcher,1
D064,Crustle single-prize wall [lean],1097,Night Stretcher,4
D064,Crustle single-prize wall [lean],1102,Dusk Ball,4
D064,Crustle single-prize wall [lean],1121,Ultra Ball,4
D064,Crustle single-prize wall [lean],1122,Pokégear 3.0,4
D064,Crustle single-prize wall [lean],1123,Switch,2
D064,Crustle single-prize wall [lean],1181,Billy & O'Nare,4
D064,Crustle single-prize wall [lean],1182,Boss’s Orders,2
D064,Crustle single-prize wall [lean],1184,Lana’s Aid,2
D064,Crustle single-prize wall [lean],1213,Judge,4
D064,Crustle single-prize wall [lean],1224,Cheren,4
D065,Reuniclus single-prize control,5,Basic {P} Energy,6
D065,Reuniclus single-prize control,65,Dunsparce,2
D065,Reuniclus single-prize control,66,Dudunsparce,2
D065,Reuniclus single-prize control,518,Solosis,4
D065,Reuniclus single-prize control,519,Duosion,2
D065,Reuniclus single-prize control,520,Reuniclus,3
D065,Reuniclus single-prize control,1079,Rare Candy,4
D065,Reuniclus single-prize control,1086,Buddy-Buddy Poffin,4
D065,Reuniclus single-prize control,1088,Prime Catcher,1
D065,Reuniclus single-prize control,1097,Night Stretcher,2
D065,Reuniclus single-prize control,1102,Dusk Ball,4
D065,Reuniclus single-prize control,1121,Ultra Ball,4
D065,Reuniclus single-prize control,1122,Pokégear 3.0,4
D065,Reuniclus single-prize control,1123,Switch,2
D065,Reuniclus single-prize control,1181,Billy & O'Nare,4
D065,Reuniclus single-prize control,1182,Boss’s Orders,2
D065,Reuniclus single-prize control,1213,Judge,4
D065,Reuniclus single-prize control,1224,Cheren,4
D065,Reuniclus single-prize control,1225,Hilda,2
D066,Reuniclus single-prize control [dudun],5,Basic {P} Energy,6
D066,Reuniclus single-prize control [dudun],65,Dunsparce,3
D066,Reuniclus single-prize control [dudun],66,Dudunsparce,2
D066,Reuniclus single-prize control [dudun],518,Solosis,4
D066,Reuniclus single-prize control [dudun],519,Duosion,2
D066,Reuniclus single-prize control [dudun],520,Reuniclus,3
D066,Reuniclus single-prize control [dudun],1079,Rare Candy,4
D066,Reuniclus single-prize control [dudun],1086,Buddy-Buddy Poffin,4
D066,Reuniclus single-prize control [dudun],1088,Prime Catcher,1
D066,Reuniclus single-prize control [dudun],1097,Night Stretcher,2
D066,Reuniclus single-prize control [dudun],1102,Dusk Ball,3
D066,Reuniclus single-prize control [dudun],1121,Ultra Ball,4
D066,Reuniclus single-prize control [dudun],1122,Pokégear 3.0,4
D066,Reuniclus single-prize control [dudun],1123,Switch,2
D066,Reuniclus single-prize control [dudun],1181,Billy & O'Nare,4
D066,Reuniclus single-prize control [dudun],1182,Boss’s Orders,2
D066,Reuniclus single-prize control [dudun],1213,Judge,4
D066,Reuniclus single-prize control [dudun],1224,Cheren,4
D066,Reuniclus single-prize control [dudun],1225,Hilda,2
D067,Reuniclus single-prize control [draw],5,Basic {P} Energy,6
D067,Reuniclus single-prize control [draw],65,Dunsparce,2
D067,Reuniclus single-prize control [draw],66,Dudunsparce,2
D067,Reuniclus single-prize control [draw],518,Solosis,4
D067,Reuniclus single-prize control [draw],519,Duosion,2
D067,Reuniclus single-prize control [draw],520,Reuniclus,3
D067,Reuniclus single-prize control [draw],1079,Rare Candy,4
D067,Reuniclus single-prize control [draw],1086,Buddy-Buddy Poffin,4
D067,Reuniclus single-prize control [draw],1088,Prime Catcher,1
D067,Reuniclus single-prize control [draw],1097,Night Stretcher,2
D067,Reuniclus single-prize control [draw],1102,Dusk Ball,4
D067,Reuniclus single-prize control [draw],1121,Ultra Ball,4
D067,Reuniclus single-prize control [draw],1122,Pokégear 3.0,4
D067,Reuniclus single-prize control [draw],1123,Switch,2
D067,Reuniclus single-prize control [draw],1181,Billy & O'Nare,4
D067,Reuniclus single-prize control [draw],1182,Boss’s Orders,2
D067,Reuniclus single-prize control [draw],1213,Judge,4
D067,Reuniclus single-prize control [draw],1224,Cheren,4
D067,Reuniclus single-prize control [draw],1225,Hilda,2
D068,Reuniclus single-prize control [lean],5,Basic {P} Energy,6
D068,Reuniclus single-prize control [lean],65,Dunsparce,2
D068,Reuniclus single-prize control [lean],66,Dudunsparce,2
D068,Reuniclus single-prize control [lean],518,Solosis,4
D068,Reuniclus single-prize control [lean],519,Duosion,2
D068,Reuniclus single-prize control [lean],520,Reuniclus,3
D068,Reuniclus single-prize control [lean],1079,Rare Candy,4
D068,Reuniclus single-prize control [lean],1086,Buddy-Buddy Poffin,4
D068,Reuniclus single-prize control [lean],1088,Prime Catcher,1
D068,Reuniclus single-prize control [lean],1097,Night Stretcher,2
D068,Reuniclus single-prize control [lean],1102,Dusk Ball,4
D068,Reuniclus single-prize control [lean],1121,Ultra Ball,4
D068,Reuniclus single-prize control [lean],1122,Pokégear 3.0,4
D068,Reuniclus single-prize control [lean],1123,Switch,2
D068,Reuniclus single-prize control [lean],1181,Billy & O'Nare,4
D068,Reuniclus single-prize control [lean],1182,Boss’s Orders,2
D068,Reuniclus single-prize control [lean],1213,Judge,4
D068,Reuniclus single-prize control [lean],1224,Cheren,4
D068,Reuniclus single-prize control [lean],1225,Hilda,2
D069,Mega Manectric ex,4,Basic {L} Energy,9
D069,Mega Manectric ex,736,Electrike,3
D069,Mega Manectric ex,737,Mega Manectric ex,3
D069,Mega Manectric ex,1079,Rare Candy,4
D069,Mega Manectric ex,1086,Buddy-Buddy Poffin,4
D069,Mega Manectric ex,1088,Prime Catcher,1
D069,Mega Manectric ex,1097,Night Stretcher,4
D069,Mega Manectric ex,1102,Dusk Ball,4
D069,Mega Manectric ex,1121,Ultra Ball,4
D069,Mega Manectric ex,1122,Pokégear 3.0,4
D069,Mega Manectric ex,1123,Switch,2
D069,Mega Manectric ex,1181,Billy & O'Nare,4
D069,Mega Manectric ex,1182,Boss’s Orders,2
D069,Mega Manectric ex,1184,Lana’s Aid,2
D069,Mega Manectric ex,1213,Judge,4
D069,Mega Manectric ex,1224,Cheren,4
D069,Mega Manectric ex,1225,Hilda,2
D070,Mega Manectric ex [electrike4],4,Basic {L} Energy,9
D070,Mega Manectric ex [electrike4],736,Electrike,4
D070,Mega Manectric ex [electrike4],737,Mega Manectric ex,3
D070,Mega Manectric ex [electrike4],1079,Rare Candy,4
D070,Mega Manectric ex [electrike4],1086,Buddy-Buddy Poffin,4
D070,Mega Manectric ex [electrike4],1088,Prime Catcher,1
D070,Mega Manectric ex [electrike4],1097,Night Stretcher,4
D070,Mega Manectric ex [electrike4],1102,Dusk Ball,4
D070,Mega Manectric ex [electrike4],1121,Ultra Ball,4
D070,Mega Manectric ex [electrike4],1122,Pokégear 3.0,4
D070,Mega Manectric ex [electrike4],1123,Switch,2
D070,Mega Manectric ex [electrike4],1181,Billy & O'Nare,4
D070,Mega Manectric ex [electrike4],1182,Boss’s Orders,2
D070,Mega Manectric ex [electrike4],1184,Lana’s Aid,1
D070,Mega Manectric ex [electrike4],1213,Judge,4
D070,Mega Manectric ex [electrike4],1224,Cheren,4
D070,Mega Manectric ex [electrike4],1225,Hilda,2
D071,Mega Manectric ex [lean],4,Basic {L} Energy,9
D071,Mega Manectric ex [lean],736,Electrike,3
D071,Mega Manectric ex [lean],737,Mega Manectric ex,3
D071,Mega Manectric ex [lean],1079,Rare Candy,4
D071,Mega Manectric ex [lean],1086,Buddy-Buddy Poffin,4
D071,Mega Manectric ex [lean],1088,Prime Catcher,1
D071,Mega Manectric ex [lean],1097,Night Stretcher,4
D071,Mega Manectric ex [lean],1102,Dusk Ball,4
D071,Mega Manectric ex [lean],1121,Ultra Ball,4
D071,Mega Manectric ex [lean],1122,Pokégear 3.0,4
D071,Mega Manectric ex [lean],1123,Switch,2
D071,Mega Manectric ex [lean],1181,Billy & O'Nare,4
D071,Mega Manectric ex [lean],1182,Boss’s Orders,2
D071,Mega Manectric ex [lean],1184,Lana’s Aid,2
D071,Mega Manectric ex [lean],1213,Judge,4
D071,Mega Manectric ex [lean],1224,Cheren,4
D071,Mega Manectric ex [lean],1225,Hilda,2
D072,Mega Manectric ex [gust],4,Basic {L} Energy,9
D072,Mega Manectric ex [gust],736,Electrike,3
D072,Mega Manectric ex [gust],737,Mega Manectric ex,3
D072,Mega Manectric ex [gust],1079,Rare Candy,4
D072,Mega Manectric ex [gust],1086,Buddy-Buddy Poffin,4
D072,Mega Manectric ex [gust],1088,Prime Catcher,1
D072,Mega Manectric ex [gust],1097,Night Stretcher,4
D072,Mega Manectric ex [gust],1102,Dusk Ball,4
D072,Mega Manectric ex [gust],1121,Ultra Ball,4
D072,Mega Manectric ex [gust],1122,Pokégear 3.0,4
D072,Mega Manectric ex [gust],1123,Switch,2
D072,Mega Manectric ex [gust],1181,Billy & O'Nare,4
D072,Mega Manectric ex [gust],1182,Boss’s Orders,3
D072,Mega Manectric ex [gust],1184,Lana’s Aid,1
D072,Mega Manectric ex [gust],1213,Judge,4
D072,Mega Manectric ex [gust],1224,Cheren,4
D072,Mega Manectric ex [gust],1225,Hilda,2
